pair_id,trial,participant,moving,fixed,overlap,bone_dice_at_reference,condition,repeat,seed,method,init_mtre_mm,mtre_mm,success,improved,residual_translation_mm,residual_rotation_deg,dice,ncc,seconds,converged
PA001_trial_A_V9-V10,PA001_trial_A,PA001,9,10,0.6973,0.017,EASY,0,1981127722,intensity,0.8473,2.4723,True,False,2.0392,1.4229,0.0807,0.8598,4.008,True
PA001_trial_A_V9-V10,PA001_trial_A,PA001,9,10,0.6973,0.017,EASY,0,1981127722,anatomy,0.8473,13.92,False,False,7.8909,21.5578,0.1423,0.6862,0.117,False
PA001_trial_A_V9-V10,PA001_trial_A,PA001,9,10,0.6973,0.017,EASY,1,1032606013,intensity,0.9893,2.6452,True,False,1.9056,2.8,0.0743,0.8572,3.463,True
PA001_trial_A_V9-V10,PA001_trial_A,PA001,9,10,0.6973,0.017,EASY,1,1032606013,anatomy,0.9893,14.6711,False,False,7.6072,23.4728,0.1282,0.6699,0.104,False
PA001_trial_A_V9-V10,PA001_trial_A,PA001,9,10,0.6973,0.017,EASY,2,1129389055,intensity,0.6335,2.9598,True,False,1.5038,3.7195,0.0655,0.8603,3.878,True
PA001_trial_A_V9-V10,PA001_trial_A,PA001,9,10,0.6973,0.017,EASY,2,1129389055,anatomy,0.6335,14.654,False,False,7.6136,23.4423,0.1285,0.67,0.104,False
PA001_trial_A_V9-V10,PA001_trial_A,PA001,9,10,0.6973,0.017,MEDIUM,0,89709664,intensity,1.1974,2.3944,True,False,2.0567,1.3806,0.0705,0.859,4.087,True
PA001_trial_A_V9-V10,PA001_trial_A,PA001,9,10,0.6973,0.017,MEDIUM,0,89709664,anatomy,1.1974,14.2474,False,False,8.0581,22.6821,0.1275,0.6826,0.101,False
PA001_trial_A_V9-V10,PA001_trial_A,PA001,9,10,0.6973,0.017,MEDIUM,1,381267258,intensity,3.583,2.6486,True,True,2.1381,1.9761,0.0765,0.8604,3.293,True
PA001_trial_A_V9-V10,PA001_trial_A,PA001,9,10,0.6973,0.017,MEDIUM,1,381267258,anatomy,3.583,13.6507,False,False,8.7101,20.9282,0.1466,0.6902,0.089,False
PA001_trial_A_V9-V10,PA001_trial_A,PA001,9,10,0.6973,0.017,MEDIUM,2,1840093073,intensity,2.6252,9.7488,False,False,8.4144,9.0213,0.0,0.8345,5.64,True
PA001_trial_A_V9-V10,PA001_trial_A,PA001,9,10,0.6973,0.017,MEDIUM,2,1840093073,anatomy,2.6252,14.0872,False,False,7.8607,21.7648,0.1469,0.6859,0.117,False
PA001_trial_A_V9-V10,PA001_trial_A,PA001,9,10,0.6973,0.017,HARD,0,512119223,intensity,10.7539,3.2415,True,True,2.0817,3.7864,0.074,0.8564,3.669,True
PA001_trial_A_V9-V10,PA001_trial_A,PA001,9,10,0.6973,0.017,HARD,0,512119223,anatomy,10.7539,25.3068,False,False,24.4859,34.9784,0.1264,0.4759,0.118,False
PA001_trial_A_V9-V10,PA001_trial_A,PA001,9,10,0.6973,0.017,HARD,1,367804816,intensity,9.6113,8.5617,False,True,7.2619,9.0261,0.0,0.8287,4.203,True
PA001_trial_A_V9-V10,PA001_trial_A,PA001,9,10,0.6973,0.017,HARD,1,367804816,anatomy,9.6113,20.0184,False,False,16.2653,19.146,0.1724,0.5498,0.101,False
PA001_trial_A_V9-V10,PA001_trial_A,PA001,9,10,0.6973,0.017,HARD,2,2098716701,intensity,9.0336,8.5898,False,True,7.312,9.3243,0.0,0.8284,4.402,True
PA001_trial_A_V9-V10,PA001_trial_A,PA001,9,10,0.6973,0.017,HARD,2,2098716701,anatomy,9.0336,13.1539,False,False,13.6356,15.1114,0.1044,0.6652,0.046,True
PA001_trial_A_V10-V11,PA001_trial_A,PA001,10,11,0.7844,0.3409,EASY,0,1645850333,intensity,1.048,10.7376,False,False,8.797,10.6149,0.177,0.8831,4.16,True
PA001_trial_A_V10-V11,PA001_trial_A,PA001,10,11,0.7844,0.3409,EASY,0,1645850333,anatomy,1.048,4.42,True,False,1.9357,6.0138,0.5508,0.7872,0.184,True
PA001_trial_A_V10-V11,PA001_trial_A,PA001,10,11,0.7844,0.3409,EASY,1,2072040459,intensity,0.3272,10.711,False,False,8.7486,10.5891,0.1762,0.8829,3.948,True
PA001_trial_A_V10-V11,PA001_trial_A,PA001,10,11,0.7844,0.3409,EASY,1,2072040459,anatomy,0.3272,4.42,True,False,1.9357,6.0138,0.5508,0.7872,0.258,True
PA001_trial_A_V10-V11,PA001_trial_A,PA001,10,11,0.7844,0.3409,EASY,2,656884477,intensity,0.3389,10.7362,False,False,8.8183,10.5785,0.1754,0.8831,4.466,True
PA001_trial_A_V10-V11,PA001_trial_A,PA001,10,11,0.7844,0.3409,EASY,2,656884477,anatomy,0.3389,4.3511,True,False,1.9723,5.9011,0.5521,0.7876,0.294,True
PA001_trial_A_V10-V11,PA001_trial_A,PA001,10,11,0.7844,0.3409,MEDIUM,0,424684299,intensity,1.5851,10.7426,False,False,8.824,10.5985,0.1762,0.8831,3.871,True
PA001_trial_A_V10-V11,PA001_trial_A,PA001,10,11,0.7844,0.3409,MEDIUM,0,424684299,anatomy,1.5851,4.42,True,False,1.9357,6.0138,0.5508,0.7872,0.309,True
PA001_trial_A_V10-V11,PA001_trial_A,PA001,10,11,0.7844,0.3409,MEDIUM,1,909005400,intensity,3.9621,10.7216,False,False,8.7935,10.5289,0.175,0.8831,4.044,True
PA001_trial_A_V10-V11,PA001_trial_A,PA001,10,11,0.7844,0.3409,MEDIUM,1,909005400,anatomy,3.9621,4.4216,True,False,1.9349,6.0157,0.5513,0.7872,0.229,True
PA001_trial_A_V10-V11,PA001_trial_A,PA001,10,11,0.7844,0.3409,MEDIUM,2,670780604,intensity,2.4741,10.7306,False,False,8.7776,10.6166,0.1784,0.8829,4.594,True
PA001_trial_A_V10-V11,PA001_trial_A,PA001,10,11,0.7844,0.3409,MEDIUM,2,670780604,anatomy,2.4741,4.42,True,False,1.9357,6.0138,0.5508,0.7872,0.229,True
PA001_trial_A_V10-V11,PA001_trial_A,PA001,10,11,0.7844,0.3409,HARD,0,409569795,intensity,9.0074,10.7236,False,False,8.7591,10.5578,0.1752,0.8829,4.759,True
PA001_trial_A_V10-V11,PA001_trial_A,PA001,10,11,0.7844,0.3409,HARD,0,409569795,anatomy,9.0074,4.4464,True,True,2.0019,6.0041,0.5533,0.7881,0.424,True
PA001_trial_A_V10-V11,PA001_trial_A,PA001,10,11,0.7844,0.3409,HARD,1,1400682681,intensity,6.1685,10.7351,False,False,8.7867,10.5697,0.1754,0.883,4.48,True
PA001_trial_A_V10-V11,PA001_trial_A,PA001,10,11,0.7844,0.3409,HARD,1,1400682681,anatomy,6.1685,4.42,True,True,1.9357,6.0138,0.5508,0.7872,0.19,True
PA001_trial_A_V10-V11,PA001_trial_A,PA001,10,11,0.7844,0.3409,HARD,2,671134132,intensity,9.1847,10.732,False,False,8.7364,10.5759,0.1764,0.8827,3.316,True
PA001_trial_A_V10-V11,PA001_trial_A,PA001,10,11,0.7844,0.3409,HARD,2,671134132,anatomy,9.1847,4.4412,True,True,2.0047,5.9957,0.5535,0.7882,0.439,False
PA001_trial_A_V31-V32,PA001_trial_A,PA001,31,32,0.7974,0.461,EASY,0,231558882,intensity,0.8562,1.6008,True,False,1.1036,1.7222,0.397,0.8825,3.839,True
PA001_trial_A_V31-V32,PA001_trial_A,PA001,31,32,0.7974,0.461,EASY,0,231558882,anatomy,0.8562,8.3555,False,False,3.3373,11.7442,0.5144,0.7513,0.222,True
PA001_trial_A_V31-V32,PA001_trial_A,PA001,31,32,0.7974,0.461,EASY,1,1100795253,intensity,0.4976,1.5236,True,False,1.2585,1.627,0.4289,0.8794,6.841,True
PA001_trial_A_V31-V32,PA001_trial_A,PA001,31,32,0.7974,0.461,EASY,1,1100795253,anatomy,0.4976,7.1815,False,False,6.9114,9.4845,0.5455,0.7366,0.262,False
PA001_trial_A_V31-V32,PA001_trial_A,PA001,31,32,0.7974,0.461,EASY,2,1350625594,intensity,0.3991,1.6315,True,False,1.3335,1.6573,0.4289,0.8788,4.072,True
PA001_trial_A_V31-V32,PA001_trial_A,PA001,31,32,0.7974,0.461,EASY,2,1350625594,anatomy,0.3991,6.9322,False,False,6.7531,9.119,0.5407,0.7355,0.256,False
PA001_trial_A_V31-V32,PA001_trial_A,PA001,31,32,0.7974,0.461,MEDIUM,0,855733017,intensity,2.7385,1.7823,True,True,1.3945,2.0389,0.4289,0.8769,4.039,True
PA001_trial_A_V31-V32,PA001_trial_A,PA001,31,32,0.7974,0.461,MEDIUM,0,855733017,anatomy,2.7385,5.6064,False,False,5.897,8.0729,0.5505,0.7402,0.25,False
PA001_trial_A_V31-V32,PA001_trial_A,PA001,31,32,0.7974,0.461,MEDIUM,1,1295840409,intensity,2.4483,1.811,True,True,1.2609,2.0467,0.3998,0.8777,5.024,True
PA001_trial_A_V31-V32,PA001_trial_A,PA001,31,32,0.7974,0.461,MEDIUM,1,1295840409,anatomy,2.4483,4.4694,True,False,4.1601,7.061,0.5439,0.7663,0.238,False
PA001_trial_A_V31-V32,PA001_trial_A,PA001,31,32,0.7974,0.461,MEDIUM,2,198888047,intensity,4.3741,1.7275,True,True,1.7508,1.8164,0.4581,0.8761,5.912,True
PA001_trial_A_V31-V32,PA001_trial_A,PA001,31,32,0.7974,0.461,MEDIUM,2,198888047,anatomy,4.3741,5.9071,False,False,6.1981,7.9907,0.5441,0.7358,0.251,False
PA001_trial_A_V31-V32,PA001_trial_A,PA001,31,32,0.7974,0.461,HARD,0,31057579,intensity,2.5237,1.9528,True,True,1.5122,2.175,0.4289,0.8752,3.805,True
PA001_trial_A_V31-V32,PA001_trial_A,PA001,31,32,0.7974,0.461,HARD,0,31057579,anatomy,2.5237,9.389,False,False,2.2278,12.8435,0.5505,0.7649,0.2,True
PA001_trial_A_V31-V32,PA001_trial_A,PA001,31,32,0.7974,0.461,HARD,1,1941579051,intensity,4.3813,1.5652,True,True,1.3271,1.6403,0.4289,0.8795,3.947,True
PA001_trial_A_V31-V32,PA001_trial_A,PA001,31,32,0.7974,0.461,HARD,1,1941579051,anatomy,4.3813,8.3441,False,False,3.3252,11.7265,0.5138,0.7514,0.245,False
PA001_trial_A_V31-V32,PA001_trial_A,PA001,31,32,0.7974,0.461,HARD,2,995322830,intensity,7.6747,9.9424,False,False,10.8032,2.6258,0.2298,0.8352,3.731,True
PA001_trial_A_V31-V32,PA001_trial_A,PA001,31,32,0.7974,0.461,HARD,2,995322830,anatomy,7.6747,15.1466,False,False,16.1678,20.3263,0.1354,0.6212,0.256,False
PA001_trial_B_V9-V10,PA001_trial_B,PA001,9,10,0.6116,0.3138,EASY,0,1727978117,intensity,0.2159,10.5984,False,False,6.955,11.129,0.2789,0.7894,6.491,True
PA001_trial_B_V9-V10,PA001_trial_B,PA001,9,10,0.6116,0.3138,EASY,0,1727978117,anatomy,0.2159,3.1915,True,False,1.7656,3.5047,0.5476,0.6959,0.17,True
PA001_trial_B_V9-V10,PA001_trial_B,PA001,9,10,0.6116,0.3138,EASY,1,1552653572,intensity,0.4293,11.5031,False,False,8.4556,11.096,0.2026,0.7899,9.365,False
PA001_trial_B_V9-V10,PA001_trial_B,PA001,9,10,0.6116,0.3138,EASY,1,1552653572,anatomy,0.4293,3.193,True,False,1.7645,3.5086,0.5477,0.696,0.156,True
PA001_trial_B_V9-V10,PA001_trial_B,PA001,9,10,0.6116,0.3138,EASY,2,848045436,intensity,0.5988,10.5321,False,False,6.9882,11.0144,0.2789,0.7892,4.836,True
PA001_trial_B_V9-V10,PA001_trial_B,PA001,9,10,0.6116,0.3138,EASY,2,848045436,anatomy,0.5988,3.1911,True,False,1.7653,3.5036,0.5477,0.6959,0.207,True
PA001_trial_B_V9-V10,PA001_trial_B,PA001,9,10,0.6116,0.3138,MEDIUM,0,707627511,intensity,5.1166,8.2525,False,False,6.3809,6.134,0.3279,0.7812,3.301,True
PA001_trial_B_V9-V10,PA001_trial_B,PA001,9,10,0.6116,0.3138,MEDIUM,0,707627511,anatomy,5.1166,8.3885,False,False,6.5113,9.7648,0.5187,0.7251,0.311,True
PA001_trial_B_V9-V10,PA001_trial_B,PA001,9,10,0.6116,0.3138,MEDIUM,1,61876955,intensity,3.5296,10.4485,False,False,6.4968,11.0497,0.2922,0.7891,3.325,True
PA001_trial_B_V9-V10,PA001_trial_B,PA001,9,10,0.6116,0.3138,MEDIUM,1,61876955,anatomy,3.5296,3.2276,True,True,1.7275,3.6461,0.5453,0.6964,0.435,False
PA001_trial_B_V9-V10,PA001_trial_B,PA001,9,10,0.6116,0.3138,MEDIUM,2,302895706,intensity,3.1098,10.4452,False,False,6.7607,11.0279,0.2886,0.7885,4.223,True
PA001_trial_B_V9-V10,PA001_trial_B,PA001,9,10,0.6116,0.3138,MEDIUM,2,302895706,anatomy,3.1098,3.2274,True,False,1.7278,3.6455,0.5453,0.6964,0.42,False
PA001_trial_B_V9-V10,PA001_trial_B,PA001,9,10,0.6116,0.3138,HARD,0,1224417568,intensity,5.0256,5.2536,False,False,3.8545,3.358,0.387,0.78,3.692,True
PA001_trial_B_V9-V10,PA001_trial_B,PA001,9,10,0.6116,0.3138,HARD,0,1224417568,anatomy,5.0256,12.0525,False,False,10.9089,14.3561,0.493,0.6639,0.338,True
PA001_trial_B_V9-V10,PA001_trial_B,PA001,9,10,0.6116,0.3138,HARD,1,1694680496,intensity,3.287,12.7448,False,False,10.0061,11.1715,0.1466,0.7867,5.03,True
PA001_trial_B_V9-V10,PA001_trial_B,PA001,9,10,0.6116,0.3138,HARD,1,1694680496,anatomy,3.287,3.1885,True,True,1.7676,3.4963,0.5475,0.6958,0.406,False
PA001_trial_B_V9-V10,PA001_trial_B,PA001,9,10,0.6116,0.3138,HARD,2,825979905,intensity,4.9508,4.9363,True,True,3.4916,4.6808,0.3994,0.7804,3.904,True
PA001_trial_B_V9-V10,PA001_trial_B,PA001,9,10,0.6116,0.3138,HARD,2,825979905,anatomy,4.9508,3.2274,True,True,1.7278,3.6455,0.5453,0.6964,0.41,False
PA001_trial_B_V10-V11,PA001_trial_B,PA001,10,11,0.6716,0.4798,EASY,0,1290045339,intensity,0.3939,7.0624,False,False,3.8709,9.3009,0.159,0.8125,4.205,True
PA001_trial_B_V10-V11,PA001_trial_B,PA001,10,11,0.6716,0.4798,EASY,0,1290045339,anatomy,0.3939,3.2179,True,False,0.3497,4.5648,0.593,0.7277,0.208,True
PA001_trial_B_V10-V11,PA001_trial_B,PA001,10,11,0.6716,0.4798,EASY,1,1248467663,intensity,0.7742,7.4149,False,False,5.3842,9.3689,0.1471,0.8068,4.123,True
PA001_trial_B_V10-V11,PA001_trial_B,PA001,10,11,0.6716,0.4798,EASY,1,1248467663,anatomy,0.7742,3.212,True,False,0.3512,4.5595,0.593,0.7275,0.434,False
PA001_trial_B_V10-V11,PA001_trial_B,PA001,10,11,0.6716,0.4798,EASY,2,610791892,intensity,0.6197,7.4345,False,False,5.749,9.0999,0.1459,0.8065,5.318,True
PA001_trial_B_V10-V11,PA001_trial_B,PA001,10,11,0.6716,0.4798,EASY,2,610791892,anatomy,0.6197,3.0918,True,False,0.3864,4.4105,0.5945,0.7277,0.452,False
PA001_trial_B_V10-V11,PA001_trial_B,PA001,10,11,0.6716,0.4798,MEDIUM,0,66573355,intensity,1.7513,7.0256,False,False,4.3268,9.1863,0.154,0.8141,3.713,True
PA001_trial_B_V10-V11,PA001_trial_B,PA001,10,11,0.6716,0.4798,MEDIUM,0,66573355,anatomy,1.7513,3.2179,True,False,0.3497,4.5648,0.593,0.7277,0.302,True
PA001_trial_B_V10-V11,PA001_trial_B,PA001,10,11,0.6716,0.4798,MEDIUM,1,1372516453,intensity,2.4976,6.4035,False,False,3.8536,8.1819,0.1666,0.8065,3.317,True
PA001_trial_B_V10-V11,PA001_trial_B,PA001,10,11,0.6716,0.4798,MEDIUM,1,1372516453,anatomy,2.4976,3.209,True,False,0.3523,4.5561,0.5933,0.7277,0.415,False
PA001_trial_B_V10-V11,PA001_trial_B,PA001,10,11,0.6716,0.4798,MEDIUM,2,338196225,intensity,5.7196,7.0559,False,False,4.5172,9.0974,0.1511,0.8138,5.321,True
PA001_trial_B_V10-V11,PA001_trial_B,PA001,10,11,0.6716,0.4798,MEDIUM,2,338196225,anatomy,5.7196,3.2085,True,True,0.3449,4.5486,0.593,0.7275,0.451,False
PA001_trial_B_V10-V11,PA001_trial_B,PA001,10,11,0.6716,0.4798,HARD,0,1280921110,intensity,5.2856,7.1209,False,False,3.0716,9.2813,0.1706,0.8072,3.96,True
PA001_trial_B_V10-V11,PA001_trial_B,PA001,10,11,0.6716,0.4798,HARD,0,1280921110,anatomy,5.2856,3.0902,True,True,0.3841,4.4074,0.594,0.7277,0.439,False
PA001_trial_B_V10-V11,PA001_trial_B,PA001,10,11,0.6716,0.4798,HARD,1,1865692838,intensity,4.1918,6.9975,False,False,3.6398,9.2344,0.1666,0.8125,3.614,True
PA001_trial_B_V10-V11,PA001_trial_B,PA001,10,11,0.6716,0.4798,HARD,1,1865692838,anatomy,4.1918,3.2427,True,True,0.3454,4.5917,0.5923,0.7273,0.428,False
PA001_trial_B_V10-V11,PA001_trial_B,PA001,10,11,0.6716,0.4798,HARD,2,1890188795,intensity,5.1057,7.0146,False,False,4.4985,9.0368,0.1667,0.8125,4.534,True
PA001_trial_B_V10-V11,PA001_trial_B,PA001,10,11,0.6716,0.4798,HARD,2,1890188795,anatomy,5.1057,3.2157,True,True,0.3501,4.5621,0.5929,0.7277,0.376,True
PA001_trial_B_V11-V12,PA001_trial_B,PA001,11,12,0.7379,0.1429,EASY,0,1630858683,intensity,0.4233,5.7858,False,False,4.6072,3.748,0.127,0.7337,3.968,True
PA001_trial_B_V11-V12,PA001_trial_B,PA001,11,12,0.7379,0.1429,EASY,0,1630858683,anatomy,0.4233,22.2473,False,False,3.9938,31.8943,0.3451,0.4606,0.51,False
PA001_trial_B_V11-V12,PA001_trial_B,PA001,11,12,0.7379,0.1429,EASY,1,162874966,intensity,0.8497,5.7009,False,False,4.7553,2.3043,0.1437,0.7319,3.771,True
PA001_trial_B_V11-V12,PA001_trial_B,PA001,11,12,0.7379,0.1429,EASY,1,162874966,anatomy,0.8497,22.2392,False,False,3.993,31.8834,0.3456,0.4607,0.543,False
PA001_trial_B_V11-V12,PA001_trial_B,PA001,11,12,0.7379,0.1429,EASY,2,1800305546,intensity,0.7978,4.2285,True,False,3.217,2.3378,0.1604,0.7335,3.674,True
PA001_trial_B_V11-V12,PA001_trial_B,PA001,11,12,0.7379,0.1429,EASY,2,1800305546,anatomy,0.7978,22.2456,False,False,3.9947,31.8911,0.3456,0.4607,0.568,False
PA001_trial_B_V11-V12,PA001_trial_B,PA001,11,12,0.7379,0.1429,MEDIUM,0,264480217,intensity,1.6676,4.3114,True,False,3.3784,2.8887,0.2107,0.7355,4.041,True
PA001_trial_B_V11-V12,PA001_trial_B,PA001,11,12,0.7379,0.1429,MEDIUM,0,264480217,anatomy,1.6676,22.2689,False,False,4.013,31.9404,0.3453,0.4608,0.51,False
PA001_trial_B_V11-V12,PA001_trial_B,PA001,11,12,0.7379,0.1429,MEDIUM,1,759002644,intensity,3.4294,5.3812,False,False,4.0085,3.9768,0.1384,0.7368,3.837,True
PA001_trial_B_V11-V12,PA001_trial_B,PA001,11,12,0.7379,0.1429,MEDIUM,1,759002644,anatomy,3.4294,22.25,False,False,3.9998,31.8997,0.3458,0.4607,0.515,False
PA001_trial_B_V11-V12,PA001_trial_B,PA001,11,12,0.7379,0.1429,MEDIUM,2,376908409,intensity,3.7229,5.2952,False,False,4.2553,2.7257,0.1513,0.7333,3.851,True
PA001_trial_B_V11-V12,PA001_trial_B,PA001,11,12,0.7379,0.1429,MEDIUM,2,376908409,anatomy,3.7229,22.2741,False,False,4.0153,31.9494,0.3458,0.4608,0.547,False
PA001_trial_B_V11-V12,PA001_trial_B,PA001,11,12,0.7379,0.1429,HARD,0,1830032703,intensity,4.9037,5.3255,False,False,4.4595,2.2678,0.1735,0.7304,5.345,True
PA001_trial_B_V11-V12,PA001_trial_B,PA001,11,12,0.7379,0.1429,HARD,0,1830032703,anatomy,4.9037,22.2839,False,False,4.0202,31.9663,0.3451,0.4608,0.578,False
PA001_trial_B_V11-V12,PA001_trial_B,PA001,11,12,0.7379,0.1429,HARD,1,1864378416,intensity,10.0494,6.1219,False,True,4.6088,4.1585,0.1207,0.7325,3.696,True
PA001_trial_B_V11-V12,PA001_trial_B,PA001,11,12,0.7379,0.1429,HARD,1,1864378416,anatomy,10.0494,22.2617,False,False,3.7929,31.9737,0.3395,0.4525,0.532,False
PA001_trial_B_V11-V12,PA001_trial_B,PA001,11,12,0.7379,0.1429,HARD,2,1945270354,intensity,5.6466,4.6826,True,True,3.7446,3.3756,0.1743,0.74,3.778,True
PA001_trial_B_V11-V12,PA001_trial_B,PA001,11,12,0.7379,0.1429,HARD,2,1945270354,anatomy,5.6466,22.2701,False,False,4.0136,31.9422,0.3453,0.4608,0.545,False
PA001_trial_B_V30-V31,PA001_trial_B,PA001,30,31,0.7417,0.3343,EASY,0,999197665,intensity,0.357,6.4516,False,False,5.6361,7.8188,0.0481,0.7183,6.119,True
PA001_trial_B_V30-V31,PA001_trial_B,PA001,30,31,0.7417,0.3343,EASY,0,999197665,anatomy,0.357,4.7085,True,False,1.4156,7.161,0.5935,0.5223,0.341,False
PA001_trial_B_V30-V31,PA001_trial_B,PA001,30,31,0.7417,0.3343,EASY,1,1129193498,intensity,0.5515,6.4766,False,False,5.6504,7.8457,0.0481,0.7194,3.803,True
PA001_trial_B_V30-V31,PA001_trial_B,PA001,30,31,0.7417,0.3343,EASY,1,1129193498,anatomy,0.5515,4.7131,True,False,1.4176,7.1672,0.5938,0.5222,0.346,False
PA001_trial_B_V30-V31,PA001_trial_B,PA001,30,31,0.7417,0.3343,EASY,2,1494751324,intensity,0.5894,7.584,False,False,8.6608,7.1113,0.0214,0.7119,4.229,True
PA001_trial_B_V30-V31,PA001_trial_B,PA001,30,31,0.7417,0.3343,EASY,2,1494751324,anatomy,0.5894,4.7067,True,False,1.414,7.1589,0.5935,0.5224,0.352,False
PA001_trial_B_V30-V31,PA001_trial_B,PA001,30,31,0.7417,0.3343,MEDIUM,0,620895922,intensity,3.177,11.2974,False,False,13.1959,7.3945,0.0017,0.783,3.988,True
PA001_trial_B_V30-V31,PA001_trial_B,PA001,30,31,0.7417,0.3343,MEDIUM,0,620895922,anatomy,3.177,4.6511,True,False,1.4261,7.1251,0.5908,0.5236,0.329,False
PA001_trial_B_V30-V31,PA001_trial_B,PA001,30,31,0.7417,0.3343,MEDIUM,1,1384112041,intensity,0.5325,11.2879,False,False,13.1918,7.382,0.0017,0.7831,5.129,True
PA001_trial_B_V30-V31,PA001_trial_B,PA001,30,31,0.7417,0.3343,MEDIUM,1,1384112041,anatomy,0.5325,4.699,True,False,1.4148,7.152,0.5933,0.5231,0.304,False
PA001_trial_B_V30-V31,PA001_trial_B,PA001,30,31,0.7417,0.3343,MEDIUM,2,1072241546,intensity,2.1123,6.5746,False,False,6.0451,7.8572,0.0448,0.7165,4.115,True
PA001_trial_B_V30-V31,PA001_trial_B,PA001,30,31,0.7417,0.3343,MEDIUM,2,1072241546,anatomy,2.1123,4.708,True,False,1.4211,7.165,0.5935,0.5233,0.329,False
PA001_trial_B_V30-V31,PA001_trial_B,PA001,30,31,0.7417,0.3343,HARD,0,49661200,intensity,7.2091,11.3058,False,False,13.2318,7.4923,0.0017,0.7832,5.433,True
PA001_trial_B_V30-V31,PA001_trial_B,PA001,30,31,0.7417,0.3343,HARD,0,49661200,anatomy,7.2091,4.7028,True,True,1.3244,7.2101,0.5927,0.5236,0.318,False
PA001_trial_B_V30-V31,PA001_trial_B,PA001,30,31,0.7417,0.3343,HARD,1,774308634,intensity,5.5671,10.8643,False,False,12.2488,10.1909,0.0017,0.7242,3.814,True
PA001_trial_B_V30-V31,PA001_trial_B,PA001,30,31,0.7417,0.3343,HARD,1,774308634,anatomy,5.5671,4.717,True,True,1.4031,7.1713,0.5938,0.5219,0.325,True
PA001_trial_B_V30-V31,PA001_trial_B,PA001,30,31,0.7417,0.3343,HARD,2,1508154894,intensity,7.0461,11.2853,False,False,13.1981,7.4261,0.0017,0.7831,4.228,True
PA001_trial_B_V30-V31,PA001_trial_B,PA001,30,31,0.7417,0.3343,HARD,2,1508154894,anatomy,7.0461,4.8566,True,True,2.7556,6.7536,0.5904,0.5044,0.34,False
PA001_trial_B_V31-V32,PA001_trial_B,PA001,31,32,0.627,0.066,EASY,0,630465829,intensity,0.2552,9.7932,False,False,7.6281,10.0281,0.0923,0.7598,5.515,True
PA001_trial_B_V31-V32,PA001_trial_B,PA001,31,32,0.627,0.066,EASY,0,630465829,anatomy,0.2552,6.9584,False,False,5.958,6.9575,0.3399,0.4455,0.503,False
PA001_trial_B_V31-V32,PA001_trial_B,PA001,31,32,0.627,0.066,EASY,1,1369773301,intensity,0.8704,9.9263,False,False,8.1863,9.7847,0.0905,0.7556,5.084,True
PA001_trial_B_V31-V32,PA001_trial_B,PA001,31,32,0.627,0.066,EASY,1,1369773301,anatomy,0.8704,6.9398,False,False,5.9518,6.9183,0.3387,0.4459,0.533,False
PA001_trial_B_V31-V32,PA001_trial_B,PA001,31,32,0.627,0.066,EASY,2,616232029,intensity,1.0327,9.1121,False,False,6.3762,10.0154,0.086,0.7579,5.81,True
PA001_trial_B_V31-V32,PA001_trial_B,PA001,31,32,0.627,0.066,EASY,2,616232029,anatomy,1.0327,6.9637,False,False,5.9617,6.9647,0.34,0.4457,0.53,False
PA001_trial_B_V31-V32,PA001_trial_B,PA001,31,32,0.627,0.066,MEDIUM,0,1455788151,intensity,3.6264,10.2402,False,False,8.5408,10.0918,0.0871,0.754,4.153,True
PA001_trial_B_V31-V32,PA001_trial_B,PA001,31,32,0.627,0.066,MEDIUM,0,1455788151,anatomy,3.6264,6.9632,False,False,5.9609,6.9674,0.3404,0.4456,0.483,False
PA001_trial_B_V31-V32,PA001_trial_B,PA001,31,32,0.627,0.066,MEDIUM,1,108431373,intensity,3.3709,9.0261,False,False,6.0014,10.1388,0.0819,0.7562,6.637,True
PA001_trial_B_V31-V32,PA001_trial_B,PA001,31,32,0.627,0.066,MEDIUM,1,108431373,anatomy,3.3709,27.2003,False,False,14.8981,35.0998,0.3676,0.5579,0.483,False
PA001_trial_B_V31-V32,PA001_trial_B,PA001,31,32,0.627,0.066,MEDIUM,2,1591082619,intensity,4.2265,8.6071,False,False,5.1662,10.0927,0.0747,0.7564,3.913,True
PA001_trial_B_V31-V32,PA001_trial_B,PA001,31,32,0.627,0.066,MEDIUM,2,1591082619,anatomy,4.2265,28.1631,False,False,15.1543,36.4482,0.3661,0.5504,0.504,False
PA001_trial_B_V31-V32,PA001_trial_B,PA001,31,32,0.627,0.066,HARD,0,1276260133,intensity,7.2945,9.0161,False,False,5.9709,10.1359,0.0819,0.7566,4.262,True
PA001_trial_B_V31-V32,PA001_trial_B,PA001,31,32,0.627,0.066,HARD,0,1276260133,anatomy,7.2945,29.0342,False,False,15.5952,37.6363,0.3676,0.5485,0.526,False
PA001_trial_B_V31-V32,PA001_trial_B,PA001,31,32,0.627,0.066,HARD,1,1253605861,intensity,9.6166,14.9931,False,False,14.8065,10.0221,0.044,0.7205,4.049,True
PA001_trial_B_V31-V32,PA001_trial_B,PA001,31,32,0.627,0.066,HARD,1,1253605861,anatomy,9.6166,31.183,False,False,17.7968,40.4848,0.3721,0.5791,0.493,False
PA001_trial_B_V31-V32,PA001_trial_B,PA001,31,32,0.627,0.066,HARD,2,309442598,intensity,6.1189,8.3082,False,False,4.4726,9.7298,0.0673,0.7571,3.881,True
PA001_trial_B_V31-V32,PA001_trial_B,PA001,31,32,0.627,0.066,HARD,2,309442598,anatomy,6.1189,7.6921,False,False,6.3621,8.1826,0.3435,0.4367,0.535,False
PA001_trial_B_V46-V47,PA001_trial_B,PA001,46,47,0.8063,0.2312,EASY,0,490040442,intensity,0.6765,12.6246,False,False,9.4796,18.9056,0.0,0.8218,4.477,True
PA001_trial_B_V46-V47,PA001_trial_B,PA001,46,47,0.8063,0.2312,EASY,0,490040442,anatomy,0.6765,11.1706,False,False,7.8313,17.1688,0.4615,0.5196,0.174,False
PA001_trial_B_V46-V47,PA001_trial_B,PA001,46,47,0.8063,0.2312,EASY,1,1152728983,intensity,0.5908,12.6835,False,False,9.6062,18.9373,0.0,0.8222,4.593,True
PA001_trial_B_V46-V47,PA001_trial_B,PA001,46,47,0.8063,0.2312,EASY,1,1152728983,anatomy,0.5908,13.0862,False,False,9.384,20.1637,0.4597,0.4839,0.153,False
PA001_trial_B_V46-V47,PA001_trial_B,PA001,46,47,0.8063,0.2312,EASY,2,790189360,intensity,0.0553,12.8585,False,False,9.7127,19.2321,0.0,0.821,3.862,True
PA001_trial_B_V46-V47,PA001_trial_B,PA001,46,47,0.8063,0.2312,EASY,2,790189360,anatomy,0.0553,13.1134,False,False,9.4006,20.2079,0.46,0.4825,0.187,False
PA001_trial_B_V46-V47,PA001_trial_B,PA001,46,47,0.8063,0.2312,MEDIUM,0,1263580488,intensity,2.2681,12.6882,False,False,9.5359,18.9671,0.0,0.8221,5.105,True
PA001_trial_B_V46-V47,PA001_trial_B,PA001,46,47,0.8063,0.2312,MEDIUM,0,1263580488,anatomy,2.2681,14.8592,False,False,10.0869,23.0349,0.4545,0.4652,0.177,False
PA001_trial_B_V46-V47,PA001_trial_B,PA001,46,47,0.8063,0.2312,MEDIUM,1,1686707107,intensity,4.4718,12.6828,False,False,9.6059,18.9334,0.0,0.8223,3.9,True
PA001_trial_B_V46-V47,PA001_trial_B,PA001,46,47,0.8063,0.2312,MEDIUM,1,1686707107,anatomy,4.4718,16.6701,False,False,10.5068,25.587,0.4432,0.4571,0.2,False
PA001_trial_B_V46-V47,PA001_trial_B,PA001,46,47,0.8063,0.2312,MEDIUM,2,261133946,intensity,2.7607,14.1601,False,False,9.5848,21.8137,0.0,0.7568,4.132,True
PA001_trial_B_V46-V47,PA001_trial_B,PA001,46,47,0.8063,0.2312,MEDIUM,2,261133946,anatomy,2.7607,9.0353,False,False,5.1594,13.3588,0.4594,0.5346,0.194,False
PA001_trial_B_V46-V47,PA001_trial_B,PA001,46,47,0.8063,0.2312,HARD,0,1987334595,intensity,9.6564,11.8872,False,False,8.6493,18.9506,0.0,0.7971,3.181,True
PA001_trial_B_V46-V47,PA001_trial_B,PA001,46,47,0.8063,0.2312,HARD,0,1987334595,anatomy,9.6564,17.9636,False,False,16.494,26.6794,0.4743,0.4905,0.212,False
PA001_trial_B_V46-V47,PA001_trial_B,PA001,46,47,0.8063,0.2312,HARD,1,1734460750,intensity,7.6602,12.0303,False,False,8.5999,19.2198,0.0,0.7873,4.389,True
PA001_trial_B_V46-V47,PA001_trial_B,PA001,46,47,0.8063,0.2312,HARD,1,1734460750,anatomy,7.6602,18.5998,False,False,18.2742,28.4809,0.4624,0.453,0.171,False
PA001_trial_B_V46-V47,PA001_trial_B,PA001,46,47,0.8063,0.2312,HARD,2,208180731,intensity,7.3166,12.6926,False,False,9.5681,18.966,0.0,0.8224,4.661,True
PA001_trial_B_V46-V47,PA001_trial_B,PA001,46,47,0.8063,0.2312,HARD,2,208180731,anatomy,7.3166,15.6442,False,False,9.9621,24.1459,0.4624,0.4656,0.208,False
PA002_trial_B_V11-V12,PA002_trial_B,PA002,11,12,0.7838,0.4205,EASY,0,656304904,intensity,0.9312,5.702,False,False,5.4053,7.8015,0.0474,0.8044,3.861,True
PA002_trial_B_V11-V12,PA002_trial_B,PA002,11,12,0.7838,0.4205,EASY,0,656304904,anatomy,0.9312,3.0104,True,False,0.8775,4.1832,0.6681,0.7312,0.41,False
PA002_trial_B_V11-V12,PA002_trial_B,PA002,11,12,0.7838,0.4205,EASY,1,254702013,intensity,1.0193,5.5815,False,False,5.0187,8.3175,0.0574,0.8062,3.349,True
PA002_trial_B_V11-V12,PA002_trial_B,PA002,11,12,0.7838,0.4205,EASY,1,254702013,anatomy,1.0193,3.8428,True,False,1.2535,5.8487,0.6711,0.719,0.398,False
PA002_trial_B_V11-V12,PA002_trial_B,PA002,11,12,0.7838,0.4205,EASY,2,1173281854,intensity,0.6471,5.2155,False,False,4.6182,7.9336,0.062,0.8077,4.18,True
PA002_trial_B_V11-V12,PA002_trial_B,PA002,11,12,0.7838,0.4205,EASY,2,1173281854,anatomy,0.6471,2.938,True,False,0.8641,4.049,0.6676,0.7325,0.395,False
PA002_trial_B_V11-V12,PA002_trial_B,PA002,11,12,0.7838,0.4205,MEDIUM,0,1819497444,intensity,2.4149,5.5189,False,False,5.143,7.9555,0.0498,0.8058,3.458,True
PA002_trial_B_V11-V12,PA002_trial_B,PA002,11,12,0.7838,0.4205,MEDIUM,0,1819497444,anatomy,2.4149,2.9487,True,False,0.8609,4.0805,0.6692,0.7321,0.411,False
PA002_trial_B_V11-V12,PA002_trial_B,PA002,11,12,0.7838,0.4205,MEDIUM,1,64367516,intensity,3.667,11.1389,False,False,10.2914,10.8866,0.0016,0.7663,4.47,True
PA002_trial_B_V11-V12,PA002_trial_B,PA002,11,12,0.7838,0.4205,MEDIUM,1,64367516,anatomy,3.667,4.2862,True,False,1.3675,6.6316,0.6746,0.7137,0.401,False
PA002_trial_B_V11-V12,PA002_trial_B,PA002,11,12,0.7838,0.4205,MEDIUM,2,1118122296,intensity,2.2992,8.21,False,False,6.7817,11.4317,0.0766,0.8048,3.211,True
PA002_trial_B_V11-V12,PA002_trial_B,PA002,11,12,0.7838,0.4205,MEDIUM,2,1118122296,anatomy,2.2992,5.4244,False,False,2.2351,8.8293,0.6429,0.7142,0.413,False
PA002_trial_B_V11-V12,PA002_trial_B,PA002,11,12,0.7838,0.4205,HARD,0,1399118486,intensity,5.998,5.0234,False,True,3.6567,8.2367,0.0647,0.8062,4.854,True
PA002_trial_B_V11-V12,PA002_trial_B,PA002,11,12,0.7838,0.4205,HARD,0,1399118486,anatomy,5.998,1.9269,True,True,0.5984,2.4355,0.6622,0.7332,0.439,False
PA002_trial_B_V11-V12,PA002_trial_B,PA002,11,12,0.7838,0.4205,HARD,1,1449417432,intensity,6.7375,11.1463,False,False,10.3248,10.9994,0.0016,0.7661,4.736,True
PA002_trial_B_V11-V12,PA002_trial_B,PA002,11,12,0.7838,0.4205,HARD,1,1449417432,anatomy,6.7375,5.1321,False,True,1.2359,7.8297,0.6364,0.7214,0.488,False
PA002_trial_B_V11-V12,PA002_trial_B,PA002,11,12,0.7838,0.4205,HARD,2,476736134,intensity,11.2819,5.0532,False,True,4.4584,7.8468,0.0641,0.8066,4.054,True
PA002_trial_B_V11-V12,PA002_trial_B,PA002,11,12,0.7838,0.4205,HARD,2,476736134,anatomy,11.2819,5.0621,False,True,2.8907,7.3282,0.5902,0.7084,0.512,False
PA002_trial_B_V28-V29,PA002_trial_B,PA002,28,29,0.7422,0.0534,EASY,0,1488399745,intensity,0.3977,6.6843,False,False,7.3437,4.2921,0.1353,0.7754,3.871,True
PA002_trial_B_V28-V29,PA002_trial_B,PA002,28,29,0.7422,0.0534,EASY,0,1488399745,anatomy,0.3977,7.9776,False,False,3.6443,9.2892,0.4822,0.6171,0.442,False
PA002_trial_B_V28-V29,PA002_trial_B,PA002,28,29,0.7422,0.0534,EASY,1,635255046,intensity,0.3475,6.6685,False,False,7.0615,4.8231,0.1251,0.7785,4.26,True
PA002_trial_B_V28-V29,PA002_trial_B,PA002,28,29,0.7422,0.0534,EASY,1,635255046,anatomy,0.3475,8.0039,False,False,3.6543,9.3226,0.4813,0.617,0.434,False
PA002_trial_B_V28-V29,PA002_trial_B,PA002,28,29,0.7422,0.0534,EASY,2,1180094060,intensity,0.3006,8.184,False,False,9.0681,5.3266,0.1522,0.7728,3.399,True
PA002_trial_B_V28-V29,PA002_trial_B,PA002,28,29,0.7422,0.0534,EASY,2,1180094060,anatomy,0.3006,8.0045,False,False,3.6345,9.341,0.4831,0.6174,0.467,False
PA002_trial_B_V28-V29,PA002_trial_B,PA002,28,29,0.7422,0.0534,MEDIUM,0,848742453,intensity,3.0049,13.0129,False,False,13.9185,5.2261,0.0936,0.8137,3.551,True
PA002_trial_B_V28-V29,PA002_trial_B,PA002,28,29,0.7422,0.0534,MEDIUM,0,848742453,anatomy,3.0049,7.9882,False,False,3.66,9.2939,0.4815,0.6168,0.459,False
PA002_trial_B_V28-V29,PA002_trial_B,PA002,28,29,0.7422,0.0534,MEDIUM,1,645423772,intensity,2.8289,6.1814,False,False,7.1108,3.3805,0.1319,0.7692,3.593,True
PA002_trial_B_V28-V29,PA002_trial_B,PA002,28,29,0.7422,0.0534,MEDIUM,1,645423772,anatomy,2.8289,8.0318,False,False,3.6727,9.344,0.4806,0.6174,0.416,False
PA002_trial_B_V28-V29,PA002_trial_B,PA002,28,29,0.7422,0.0534,MEDIUM,2,1097972233,intensity,1.7544,12.9931,False,False,13.8973,5.1719,0.0936,0.8138,4.381,True
PA002_trial_B_V28-V29,PA002_trial_B,PA002,28,29,0.7422,0.0534,MEDIUM,2,1097972233,anatomy,1.7544,7.8855,False,False,3.6688,9.1281,0.4757,0.6156,0.406,False
PA002_trial_B_V28-V29,PA002_trial_B,PA002,28,29,0.7422,0.0534,HARD,0,521864412,intensity,7.4837,8.8946,False,False,9.4373,4.9888,0.1504,0.7732,5.962,True
PA002_trial_B_V28-V29,PA002_trial_B,PA002,28,29,0.7422,0.0534,HARD,0,521864412,anatomy,7.4837,8.0011,False,False,3.6707,9.2995,0.4813,0.6172,0.482,False
PA002_trial_B_V28-V29,PA002_trial_B,PA002,28,29,0.7422,0.0534,HARD,1,734920745,intensity,4.5431,12.9717,False,False,13.8944,5.1917,0.0936,0.8136,5.337,True
PA002_trial_B_V28-V29,PA002_trial_B,PA002,28,29,0.7422,0.0534,HARD,1,734920745,anatomy,4.5431,8.0006,False,False,3.6794,9.2888,0.4784,0.618,0.521,False
PA002_trial_B_V28-V29,PA002_trial_B,PA002,28,29,0.7422,0.0534,HARD,2,2109271029,intensity,6.2467,12.966,False,False,13.8796,5.1777,0.0924,0.8131,3.588,True
PA002_trial_B_V28-V29,PA002_trial_B,PA002,28,29,0.7422,0.0534,HARD,2,2109271029,anatomy,6.2467,10.23,False,False,4.7414,11.9951,0.466,0.6324,0.518,False
PA002_trial_B_V29-V30,PA002_trial_B,PA002,29,30,0.719,0.0828,EASY,0,186277718,intensity,0.9979,16.9741,False,False,18.5217,21.1592,0.0801,0.8004,3.485,True
PA002_trial_B_V29-V30,PA002_trial_B,PA002,29,30,0.719,0.0828,EASY,0,186277718,anatomy,0.9979,11.0622,False,False,5.0654,16.4833,0.4004,0.619,0.399,False
PA002_trial_B_V29-V30,PA002_trial_B,PA002,29,30,0.719,0.0828,EASY,1,1483099666,intensity,0.9804,12.6326,False,False,4.8901,19.7635,0.23,0.7696,4.161,True
PA002_trial_B_V29-V30,PA002_trial_B,PA002,29,30,0.719,0.0828,EASY,1,1483099666,anatomy,0.9804,11.0048,False,False,5.1532,16.5038,0.391,0.6208,0.441,False
PA002_trial_B_V29-V30,PA002_trial_B,PA002,29,30,0.719,0.0828,EASY,2,808623286,intensity,0.9514,14.5037,False,False,5.9403,22.6859,0.2391,0.7616,3.589,True
PA002_trial_B_V29-V30,PA002_trial_B,PA002,29,30,0.719,0.0828,EASY,2,808623286,anatomy,0.9514,11.3447,False,False,4.7147,16.6242,0.4242,0.6154,0.448,False
PA002_trial_B_V29-V30,PA002_trial_B,PA002,29,30,0.719,0.0828,MEDIUM,0,415654828,intensity,2.8849,16.9136,False,False,18.4792,21.1236,0.0801,0.8006,6.058,False
PA002_trial_B_V29-V30,PA002_trial_B,PA002,29,30,0.719,0.0828,MEDIUM,0,415654828,anatomy,2.8849,10.7833,False,False,5.2546,16.62,0.3476,0.6359,0.481,False
PA002_trial_B_V29-V30,PA002_trial_B,PA002,29,30,0.719,0.0828,MEDIUM,1,1975997595,intensity,3.0856,13.4188,False,False,4.4963,20.638,0.2555,0.7667,3.413,True
PA002_trial_B_V29-V30,PA002_trial_B,PA002,29,30,0.719,0.0828,MEDIUM,1,1975997595,anatomy,3.0856,12.5053,False,False,7.2334,18.9122,0.3774,0.5503,0.418,True
PA002_trial_B_V29-V30,PA002_trial_B,PA002,29,30,0.719,0.0828,MEDIUM,2,120867045,intensity,4.9997,16.9494,False,False,18.4424,21.1888,0.0801,0.8013,4.542,True
PA002_trial_B_V29-V30,PA002_trial_B,PA002,29,30,0.719,0.0828,MEDIUM,2,120867045,anatomy,4.9997,11.0887,False,False,6.182,17.0259,0.2812,0.6043,0.52,False
PA002_trial_B_V29-V30,PA002_trial_B,PA002,29,30,0.719,0.0828,HARD,0,2004035536,intensity,7.5683,16.9676,False,False,18.4985,21.1998,0.0794,0.8007,4.103,True
PA002_trial_B_V29-V30,PA002_trial_B,PA002,29,30,0.719,0.0828,HARD,0,2004035536,anatomy,7.5683,10.0768,False,False,8.153,15.3331,0.243,0.606,0.512,False
PA002_trial_B_V29-V30,PA002_trial_B,PA002,29,30,0.719,0.0828,HARD,1,130106155,intensity,6.3654,14.2739,False,False,12.3386,21.5791,0.0932,0.7644,3.237,True
PA002_trial_B_V29-V30,PA002_trial_B,PA002,29,30,0.719,0.0828,HARD,1,130106155,anatomy,6.3654,11.6405,False,False,6.0831,16.8205,0.4107,0.5954,0.419,False
PA002_trial_B_V29-V30,PA002_trial_B,PA002,29,30,0.719,0.0828,HARD,2,1593041093,intensity,7.1094,16.906,False,False,18.4934,21.0917,0.0801,0.8006,5.286,True
PA002_trial_B_V29-V30,PA002_trial_B,PA002,29,30,0.719,0.0828,HARD,2,1593041093,anatomy,7.1094,13.5591,False,False,8.4234,20.5066,0.3641,0.5342,0.508,False
PA002_trial_B_V30-V31,PA002_trial_B,PA002,30,31,0.7929,0.1367,EASY,0,1169746659,intensity,0.9177,2.2117,True,False,2.3598,2.2729,0.3944,0.846,2.906,True
PA002_trial_B_V30-V31,PA002_trial_B,PA002,30,31,0.7929,0.1367,EASY,0,1169746659,anatomy,0.9177,10.2171,False,False,7.8464,15.5125,0.4374,0.6406,0.465,False
PA002_trial_B_V30-V31,PA002_trial_B,PA002,30,31,0.7929,0.1367,EASY,1,872921321,intensity,0.6831,2.008,True,False,2.2467,1.9113,0.3956,0.8493,3.568,True
PA002_trial_B_V30-V31,PA002_trial_B,PA002,30,31,0.7929,0.1367,EASY,1,872921321,anatomy,0.6831,10.2214,False,False,7.8655,15.5287,0.4371,0.6402,0.448,False
PA002_trial_B_V30-V31,PA002_trial_B,PA002,30,31,0.7929,0.1367,EASY,2,103452568,intensity,0.3904,1.8862,True,False,2.1259,1.6835,0.4179,0.8478,3.448,True
PA002_trial_B_V30-V31,PA002_trial_B,PA002,30,31,0.7929,0.1367,EASY,2,103452568,anatomy,0.3904,10.2007,False,False,7.8636,15.4937,0.4375,0.6402,0.499,False
PA002_trial_B_V30-V31,PA002_trial_B,PA002,30,31,0.7929,0.1367,MEDIUM,0,1797801269,intensity,2.63,1.9999,True,True,2.2898,2.0174,0.3995,0.8492,3.757,True
PA002_trial_B_V30-V31,PA002_trial_B,PA002,30,31,0.7929,0.1367,MEDIUM,0,1797801269,anatomy,2.63,10.2773,False,False,7.8603,15.6037,0.4362,0.64,0.44,False
PA002_trial_B_V30-V31,PA002_trial_B,PA002,30,31,0.7929,0.1367,MEDIUM,1,1964973021,intensity,4.5488,2.7278,True,True,2.9495,2.0779,0.3973,0.841,3.137,True
PA002_trial_B_V30-V31,PA002_trial_B,PA002,30,31,0.7929,0.1367,MEDIUM,1,1964973021,anatomy,4.5488,10.191,False,False,7.8469,15.4778,0.4372,0.6407,0.49,False
PA002_trial_B_V30-V31,PA002_trial_B,PA002,30,31,0.7929,0.1367,MEDIUM,2,2022110353,intensity,4.1452,2.0371,True,True,2.0683,1.956,0.3938,0.849,3.37,True
PA002_trial_B_V30-V31,PA002_trial_B,PA002,30,31,0.7929,0.1367,MEDIUM,2,2022110353,anatomy,4.1452,10.1897,False,False,7.8587,15.4784,0.4376,0.6407,0.461,False
PA002_trial_B_V30-V31,PA002_trial_B,PA002,30,31,0.7929,0.1367,HARD,0,1415460590,intensity,8.2126,2.1245,True,True,2.0861,2.2859,0.389,0.8487,3.728,True
PA002_trial_B_V30-V31,PA002_trial_B,PA002,30,31,0.7929,0.1367,HARD,0,1415460590,anatomy,8.2126,9.4597,False,False,7.4861,14.3138,0.4363,0.6451,0.504,False
PA002_trial_B_V30-V31,PA002_trial_B,PA002,30,31,0.7929,0.1367,HARD,1,883572108,intensity,7.0897,1.9531,True,True,2.2459,1.7191,0.4086,0.8487,3.119,True
PA002_trial_B_V30-V31,PA002_trial_B,PA002,30,31,0.7929,0.1367,HARD,1,883572108,anatomy,7.0897,9.4629,False,False,7.4821,14.3221,0.4356,0.6447,0.541,False
PA002_trial_B_V30-V31,PA002_trial_B,PA002,30,31,0.7929,0.1367,HARD,2,757868161,intensity,4.2102,2.077,True,True,2.4365,1.8843,0.3944,0.8473,2.861,True
PA002_trial_B_V30-V31,PA002_trial_B,PA002,30,31,0.7929,0.1367,HARD,2,757868161,anatomy,4.2102,10.2323,False,False,7.8564,15.5396,0.4372,0.6408,0.51,False
PA002_trial_B_V31-V32,PA002_trial_B,PA002,31,32,0.7783,0.093,EASY,0,91215993,intensity,0.3339,4.4556,True,False,4.3087,0.7631,0.1537,0.7978,2.811,True
PA002_trial_B_V31-V32,PA002_trial_B,PA002,31,32,0.7783,0.093,EASY,0,91215993,anatomy,0.3339,4.9345,True,False,4.2975,5.8819,0.5564,0.6657,0.364,False
PA002_trial_B_V31-V32,PA002_trial_B,PA002,31,32,0.7783,0.093,EASY,1,1771829658,intensity,0.7592,3.8594,True,False,3.8957,1.0419,0.1752,0.8026,3.488,True
PA002_trial_B_V31-V32,PA002_trial_B,PA002,31,32,0.7783,0.093,EASY,1,1771829658,anatomy,0.7592,4.2395,True,False,4.2249,4.6693,0.5647,0.654,0.383,False
PA002_trial_B_V31-V32,PA002_trial_B,PA002,31,32,0.7783,0.093,EASY,2,560819338,intensity,0.5664,4.1146,True,False,4.1035,0.4071,0.1683,0.7975,3.6,True
PA002_trial_B_V31-V32,PA002_trial_B,PA002,31,32,0.7783,0.093,EASY,2,560819338,anatomy,0.5664,5.7562,False,False,4.3533,7.037,0.5507,0.6602,0.382,False
PA002_trial_B_V31-V32,PA002_trial_B,PA002,31,32,0.7783,0.093,MEDIUM,0,1768416419,intensity,3.8085,4.3632,True,False,4.2918,0.3916,0.1657,0.7986,3.693,True
PA002_trial_B_V31-V32,PA002_trial_B,PA002,31,32,0.7783,0.093,MEDIUM,0,1768416419,anatomy,3.8085,4.2642,True,False,4.2423,4.7114,0.5633,0.6535,0.385,False
PA002_trial_B_V31-V32,PA002_trial_B,PA002,31,32,0.7783,0.093,MEDIUM,1,1549631958,intensity,2.9934,3.5572,True,False,3.6318,0.3598,0.162,0.8077,4.003,True
PA002_trial_B_V31-V32,PA002_trial_B,PA002,31,32,0.7783,0.093,MEDIUM,1,1549631958,anatomy,2.9934,5.4722,False,False,4.4432,6.6167,0.555,0.6592,0.406,False
PA002_trial_B_V31-V32,PA002_trial_B,PA002,31,32,0.7783,0.093,MEDIUM,2,1189451068,intensity,3.389,3.5668,True,False,3.6482,0.3427,0.1746,0.8072,3.426,True
PA002_trial_B_V31-V32,PA002_trial_B,PA002,31,32,0.7783,0.093,MEDIUM,2,1189451068,anatomy,3.389,5.7994,False,False,5.8019,7.121,0.5518,0.6473,0.398,False
PA002_trial_B_V31-V32,PA002_trial_B,PA002,31,32,0.7783,0.093,HARD,0,1583569010,intensity,5.4689,10.142,False,False,8.7457,3.5202,0.0876,0.779,2.663,True
PA002_trial_B_V31-V32,PA002_trial_B,PA002,31,32,0.7783,0.093,HARD,0,1583569010,anatomy,5.4689,4.5851,True,True,4.7535,5.1843,0.5538,0.638,0.404,False
PA002_trial_B_V31-V32,PA002_trial_B,PA002,31,32,0.7783,0.093,HARD,1,1403160843,intensity,8.7732,10.1152,False,False,8.7152,3.5134,0.085,0.7791,3.221,True
PA002_trial_B_V31-V32,PA002_trial_B,PA002,31,32,0.7783,0.093,HARD,1,1403160843,anatomy,8.7732,6.4186,False,True,6.4374,7.7945,0.5495,0.6332,0.403,False
PA002_trial_B_V31-V32,PA002_trial_B,PA002,31,32,0.7783,0.093,HARD,2,916533746,intensity,2.7019,4.1082,True,False,3.7863,1.4466,0.1863,0.7964,3.739,True
PA002_trial_B_V31-V32,PA002_trial_B,PA002,31,32,0.7783,0.093,HARD,2,916533746,anatomy,2.7019,4.0274,True,False,4.0511,4.4707,0.5601,0.6581,0.322,True
PA003_trial_A_V11-V12,PA003_trial_A,PA003,11,12,0.7398,0.3675,EASY,0,781097681,intensity,0.6043,12.3302,False,False,10.2184,12.4801,0.072,0.7457,3.184,True
PA003_trial_A_V11-V12,PA003_trial_A,PA003,11,12,0.7398,0.3675,EASY,0,781097681,anatomy,0.6043,6.0236,False,False,2.209,7.4598,0.5429,0.6781,0.176,False
PA003_trial_A_V11-V12,PA003_trial_A,PA003,11,12,0.7398,0.3675,EASY,1,1287363020,intensity,0.4097,18.612,False,False,11.7226,23.545,0.0091,0.7668,3.761,True
PA003_trial_A_V11-V12,PA003_trial_A,PA003,11,12,0.7398,0.3675,EASY,1,1287363020,anatomy,0.4097,3.9755,True,False,1.8029,4.5435,0.5476,0.692,0.1,True
PA003_trial_A_V11-V12,PA003_trial_A,PA003,11,12,0.7398,0.3675,EASY,2,848289822,intensity,0.7117,18.5703,False,False,11.7138,23.4859,0.0104,0.7664,4.25,True
PA003_trial_A_V11-V12,PA003_trial_A,PA003,11,12,0.7398,0.3675,EASY,2,848289822,anatomy,0.7117,2.885,True,False,2.5175,3.4645,0.5511,0.7443,0.176,False
PA003_trial_A_V11-V12,PA003_trial_A,PA003,11,12,0.7398,0.3675,MEDIUM,0,2142402879,intensity,3.7389,6.4763,False,False,3.7655,6.7146,0.1076,0.7591,3.746,True
PA003_trial_A_V11-V12,PA003_trial_A,PA003,11,12,0.7398,0.3675,MEDIUM,0,2142402879,anatomy,3.7389,4.0836,True,False,1.6114,5.7609,0.5836,0.7369,0.167,False
PA003_trial_A_V11-V12,PA003_trial_A,PA003,11,12,0.7398,0.3675,MEDIUM,1,1422882516,intensity,4.4163,5.8287,False,False,3.6724,6.3347,0.2291,0.7569,3.865,True
PA003_trial_A_V11-V12,PA003_trial_A,PA003,11,12,0.7398,0.3675,MEDIUM,1,1422882516,anatomy,4.4163,8.4437,False,False,3.7037,12.7334,0.4509,0.6926,0.166,False
PA003_trial_A_V11-V12,PA003_trial_A,PA003,11,12,0.7398,0.3675,MEDIUM,2,105684369,intensity,2.8406,18.6276,False,False,11.6701,23.5821,0.0082,0.7668,4.516,True
PA003_trial_A_V11-V12,PA003_trial_A,PA003,11,12,0.7398,0.3675,MEDIUM,2,105684369,anatomy,2.8406,7.2637,False,False,6.1995,11.3132,0.4773,0.6566,0.177,False
PA003_trial_A_V11-V12,PA003_trial_A,PA003,11,12,0.7398,0.3675,HARD,0,1202583235,intensity,7.7821,7.2946,False,True,6.5111,5.4895,0.2256,0.7573,3.554,True
PA003_trial_A_V11-V12,PA003_trial_A,PA003,11,12,0.7398,0.3675,HARD,0,1202583235,anatomy,7.7821,13.8676,False,False,12.7402,21.9204,0.4318,0.5442,0.186,False
PA003_trial_A_V11-V12,PA003_trial_A,PA003,11,12,0.7398,0.3675,HARD,1,1490150168,intensity,3.3758,18.5763,False,False,11.72,23.5019,0.0104,0.7665,3.675,True
PA003_trial_A_V11-V12,PA003_trial_A,PA003,11,12,0.7398,0.3675,HARD,1,1490150168,anatomy,3.3758,3.3072,True,True,2.9114,4.4509,0.5919,0.7399,0.181,True
PA003_trial_A_V11-V12,PA003_trial_A,PA003,11,12,0.7398,0.3675,HARD,2,88034408,intensity,2.9275,6.2437,False,False,3.7811,6.5312,0.1484,0.7562,3.527,True
PA003_trial_A_V11-V12,PA003_trial_A,PA003,11,12,0.7398,0.3675,HARD,2,88034408,anatomy,2.9275,3.3759,True,False,2.9577,4.5702,0.5871,0.7396,0.183,False
PA003_trial_A_V32-V33,PA003_trial_A,PA003,32,33,0.7239,0.3833,EASY,0,551013269,intensity,0.7385,4.0707,True,False,4.5665,5.4183,0.2723,0.7248,4.35,True
PA003_trial_A_V32-V33,PA003_trial_A,PA003,32,33,0.7239,0.3833,EASY,0,551013269,anatomy,0.7385,6.8332,False,False,4.2274,10.3179,0.6286,0.6535,0.187,False
PA003_trial_A_V32-V33,PA003_trial_A,PA003,32,33,0.7239,0.3833,EASY,1,770717419,intensity,0.9914,5.0098,False,False,5.527,6.7173,0.1786,0.72,3.247,True
PA003_trial_A_V32-V33,PA003_trial_A,PA003,32,33,0.7239,0.3833,EASY,1,770717419,anatomy,0.9914,6.8516,False,False,4.2695,10.3531,0.631,0.6539,0.143,False
PA003_trial_A_V32-V33,PA003_trial_A,PA003,32,33,0.7239,0.3833,EASY,2,992096951,intensity,0.597,4.1226,True,False,4.0021,6.1637,0.2518,0.7253,2.957,True
PA003_trial_A_V32-V33,PA003_trial_A,PA003,32,33,0.7239,0.3833,EASY,2,992096951,anatomy,0.597,6.131,False,False,2.7555,8.927,0.6242,0.6738,0.168,False
PA003_trial_A_V32-V33,PA003_trial_A,PA003,32,33,0.7239,0.3833,MEDIUM,0,998043488,intensity,2.9998,3.7431,True,False,4.1678,5.173,0.2115,0.7309,3.589,True
PA003_trial_A_V32-V33,PA003_trial_A,PA003,32,33,0.7239,0.3833,MEDIUM,0,998043488,anatomy,2.9998,7.9965,False,False,4.8976,12.065,0.6185,0.6362,0.17,False
PA003_trial_A_V32-V33,PA003_trial_A,PA003,32,33,0.7239,0.3833,MEDIUM,1,313321584,intensity,4.5918,3.8228,True,True,4.3247,4.8254,0.2606,0.7309,3.636,True
PA003_trial_A_V32-V33,PA003_trial_A,PA003,32,33,0.7239,0.3833,MEDIUM,1,313321584,anatomy,4.5918,16.0641,False,False,14.371,23.385,0.623,0.5781,0.18,False
PA003_trial_A_V32-V33,PA003_trial_A,PA003,32,33,0.7239,0.3833,MEDIUM,2,1551852227,intensity,3.06,5.4578,False,False,5.5566,7.3335,0.191,0.7298,3.175,True
PA003_trial_A_V32-V33,PA003_trial_A,PA003,32,33,0.7239,0.3833,MEDIUM,2,1551852227,anatomy,3.06,9.3545,False,False,4.3792,12.6971,0.6057,0.6172,0.158,False
PA003_trial_A_V32-V33,PA003_trial_A,PA003,32,33,0.7239,0.3833,HARD,0,524269985,intensity,7.3879,6.8815,False,True,5.0621,9.4972,0.1963,0.7111,4.488,True
PA003_trial_A_V32-V33,PA003_trial_A,PA003,32,33,0.7239,0.3833,HARD,0,524269985,anatomy,7.3879,16.3089,False,False,13.9566,23.3375,0.6197,0.5695,0.194,False
PA003_trial_A_V32-V33,PA003_trial_A,PA003,32,33,0.7239,0.3833,HARD,1,1655729469,intensity,3.5689,4.5438,True,False,3.0743,6.8229,0.2662,0.7282,3.433,True
PA003_trial_A_V32-V33,PA003_trial_A,PA003,32,33,0.7239,0.3833,HARD,1,1655729469,anatomy,3.5689,9.3779,False,False,3.1233,13.7062,0.6282,0.6734,0.167,False
PA003_trial_A_V32-V33,PA003_trial_A,PA003,32,33,0.7239,0.3833,HARD,2,2025968615,intensity,9.5852,7.5801,False,True,7.6601,8.6035,0.082,0.7174,3.523,True
PA003_trial_A_V32-V33,PA003_trial_A,PA003,32,33,0.7239,0.3833,HARD,2,2025968615,anatomy,9.5852,12.4251,False,False,10.0693,18.5475,0.5956,0.5941,0.183,False
PA003_trial_A_V33-V34,PA003_trial_A,PA003,33,34,0.8395,0.5429,EASY,0,958140252,intensity,1.0206,6.3373,False,False,7.0403,4.2278,0.1926,0.8499,3.172,True
PA003_trial_A_V33-V34,PA003_trial_A,PA003,33,34,0.8395,0.5429,EASY,0,958140252,anatomy,1.0206,2.6675,True,False,1.5926,3.88,0.6451,0.6926,0.325,False
PA003_trial_A_V33-V34,PA003_trial_A,PA003,33,34,0.8395,0.5429,EASY,1,2017728429,intensity,0.6877,6.3391,False,False,7.0494,4.2647,0.1926,0.8498,3.974,True
PA003_trial_A_V33-V34,PA003_trial_A,PA003,33,34,0.8395,0.5429,EASY,1,2017728429,anatomy,0.6877,2.5873,True,False,1.5085,3.5874,0.637,0.6927,0.28,False
PA003_trial_A_V33-V34,PA003_trial_A,PA003,33,34,0.8395,0.5429,EASY,2,687224526,intensity,0.8453,6.3204,False,False,7.0256,4.1471,0.2159,0.8499,4.857,True
PA003_trial_A_V33-V34,PA003_trial_A,PA003,33,34,0.8395,0.5429,EASY,2,687224526,anatomy,0.8453,2.5983,True,False,1.5136,3.6022,0.637,0.6926,0.291,False
PA003_trial_A_V33-V34,PA003_trial_A,PA003,33,34,0.8395,0.5429,MEDIUM,0,307379329,intensity,1.2042,6.3279,False,False,7.0371,4.2454,0.195,0.8498,4.612,True
PA003_trial_A_V33-V34,PA003_trial_A,PA003,33,34,0.8395,0.5429,MEDIUM,0,307379329,anatomy,1.2042,1.5353,True,False,0.7805,1.8578,0.6464,0.7186,0.3,False
PA003_trial_A_V33-V34,PA003_trial_A,PA003,33,34,0.8395,0.5429,MEDIUM,1,971539183,intensity,1.3787,6.3388,False,False,7.0411,4.1846,0.1926,0.8499,2.939,True
PA003_trial_A_V33-V34,PA003_trial_A,PA003,33,34,0.8395,0.5429,MEDIUM,1,971539183,anatomy,1.3787,4.0404,True,False,2.9809,6.014,0.6271,0.6758,0.319,False
PA003_trial_A_V33-V34,PA003_trial_A,PA003,33,34,0.8395,0.5429,MEDIUM,2,1368434677,intensity,3.5176,6.3303,False,False,7.0313,4.2218,0.1926,0.8499,3.84,True
PA003_trial_A_V33-V34,PA003_trial_A,PA003,33,34,0.8395,0.5429,MEDIUM,2,1368434677,anatomy,3.5176,4.4896,True,False,1.305,6.6647,0.6443,0.7089,0.282,False
PA003_trial_A_V33-V34,PA003_trial_A,PA003,33,34,0.8395,0.5429,HARD,0,742144141,intensity,8.7852,6.335,False,True,7.0555,4.1896,0.2126,0.8498,3.549,True
PA003_trial_A_V33-V34,PA003_trial_A,PA003,33,34,0.8395,0.5429,HARD,0,742144141,anatomy,8.7852,6.4908,False,True,2.8307,9.3387,0.6186,0.671,0.317,False
PA003_trial_A_V33-V34,PA003_trial_A,PA003,33,34,0.8395,0.5429,HARD,1,1886814702,intensity,6.4566,6.3377,False,True,7.0463,4.2222,0.1905,0.8499,4.755,True
PA003_trial_A_V33-V34,PA003_trial_A,PA003,33,34,0.8395,0.5429,HARD,1,1886814702,anatomy,6.4566,2.5997,True,True,1.5122,3.6038,0.637,0.6923,0.312,False
PA003_trial_A_V33-V34,PA003_trial_A,PA003,33,34,0.8395,0.5429,HARD,2,836493703,intensity,5.5317,6.3522,False,False,7.0711,4.2571,0.1926,0.8497,3.332,True
PA003_trial_A_V33-V34,PA003_trial_A,PA003,33,34,0.8395,0.5429,HARD,2,836493703,anatomy,5.5317,2.5889,True,True,1.5101,3.5894,0.637,0.6926,0.327,False
PA004_trial_A_V10-V11,PA004_trial_A,PA004,10,11,0.5103,0.0,EASY,0,1991052840,intensity,0.6175,21.8624,False,False,22.5739,7.7388,0.4609,0.8386,3.513,True
PA004_trial_A_V10-V11,PA004_trial_A,PA004,10,11,0.5103,0.0,EASY,0,1991052840,anatomy,0.6175,20.924,False,False,21.3182,6.2698,0.5742,0.685,0.268,False
PA004_trial_A_V10-V11,PA004_trial_A,PA004,10,11,0.5103,0.0,EASY,1,135009375,intensity,0.7348,21.7412,False,False,22.5353,7.7717,0.4802,0.8394,6.066,True
PA004_trial_A_V10-V11,PA004_trial_A,PA004,10,11,0.5103,0.0,EASY,1,135009375,anatomy,0.7348,25.7523,False,False,23.5579,22.5851,0.5646,0.6334,0.276,False
PA004_trial_A_V10-V11,PA004_trial_A,PA004,10,11,0.5103,0.0,EASY,2,1487994717,intensity,0.8584,22.0233,False,False,22.7563,8.1721,0.5073,0.838,4.775,True
PA004_trial_A_V10-V11,PA004_trial_A,PA004,10,11,0.5103,0.0,EASY,2,1487994717,anatomy,0.8584,26.2024,False,False,25.1094,22.7656,0.5671,0.6434,0.283,False
PA004_trial_A_V10-V11,PA004_trial_A,PA004,10,11,0.5103,0.0,MEDIUM,0,1716719727,intensity,3.2057,21.9435,False,False,22.499,8.8074,0.4154,0.8363,4.646,True
PA004_trial_A_V10-V11,PA004_trial_A,PA004,10,11,0.5103,0.0,MEDIUM,0,1716719727,anatomy,3.2057,25.3109,False,False,23.5539,22.2428,0.57,0.6389,0.272,False
PA004_trial_A_V10-V11,PA004_trial_A,PA004,10,11,0.5103,0.0,MEDIUM,1,1957694962,intensity,4.5946,23.9202,False,False,23.5588,15.4596,0.4137,0.8225,4.555,True
PA004_trial_A_V10-V11,PA004_trial_A,PA004,10,11,0.5103,0.0,MEDIUM,1,1957694962,anatomy,4.5946,75.4732,False,False,29.1458,179.0355,0.3343,-0.3741,0.3,False
PA004_trial_A_V10-V11,PA004_trial_A,PA004,10,11,0.5103,0.0,MEDIUM,2,2083196809,intensity,0.9685,22.4309,False,False,22.7878,10.4755,0.425,0.8389,4.19,True
PA004_trial_A_V10-V11,PA004_trial_A,PA004,10,11,0.5103,0.0,MEDIUM,2,2083196809,anatomy,0.9685,24.005,False,False,22.0333,19.5718,0.6013,0.6698,0.264,False
PA004_trial_A_V10-V11,PA004_trial_A,PA004,10,11,0.5103,0.0,HARD,0,2037332305,intensity,1.323,21.2155,False,False,21.9946,8.4609,0.4789,0.8368,4.601,True
PA004_trial_A_V10-V11,PA004_trial_A,PA004,10,11,0.5103,0.0,HARD,0,2037332305,anatomy,1.323,84.5344,False,False,47.7345,141.6232,0.6026,0.5081,0.34,False
PA004_trial_A_V10-V11,PA004_trial_A,PA004,10,11,0.5103,0.0,HARD,1,1794120214,intensity,8.3144,22.6236,False,False,23.1332,9.0551,0.4643,0.8362,4.929,True
PA004_trial_A_V10-V11,PA004_trial_A,PA004,10,11,0.5103,0.0,HARD,1,1794120214,anatomy,8.3144,21.6573,False,False,19.9899,9.5506,0.7137,0.7487,0.278,False
PA004_trial_A_V10-V11,PA004_trial_A,PA004,10,11,0.5103,0.0,HARD,2,609060038,intensity,9.8565,27.5686,False,False,25.7791,21.2834,0.5052,0.8112,4.142,True
PA004_trial_A_V10-V11,PA004_trial_A,PA004,10,11,0.5103,0.0,HARD,2,609060038,anatomy,9.8565,78.5663,False,False,38.9294,177.7123,0.3042,-0.2335,0.32,False
PA004_trial_A_V30-V31,PA004_trial_A,PA004,30,31,0.69,0.2845,EASY,0,1252082470,intensity,0.4247,9.0363,False,False,2.4082,14.0664,0.0053,0.7493,3.479,True
PA004_trial_A_V30-V31,PA004_trial_A,PA004,30,31,0.69,0.2845,EASY,0,1252082470,anatomy,0.4247,13.3545,False,False,7.3487,21.1278,0.6113,0.5658,0.195,True
PA004_trial_A_V30-V31,PA004_trial_A,PA004,30,31,0.69,0.2845,EASY,1,1313044143,intensity,0.6677,8.2468,False,False,0.6884,12.1104,0.033,0.7528,3.608,True
PA004_trial_A_V30-V31,PA004_trial_A,PA004,30,31,0.69,0.2845,EASY,1,1313044143,anatomy,0.6677,13.3535,False,False,7.3469,21.127,0.6113,0.5658,0.193,True
PA004_trial_A_V30-V31,PA004_trial_A,PA004,30,31,0.69,0.2845,EASY,2,1774862419,intensity,0.6241,11.6368,False,False,7.8117,10.8221,0.0398,0.7221,3.084,True
PA004_trial_A_V30-V31,PA004_trial_A,PA004,30,31,0.69,0.2845,EASY,2,1774862419,anatomy,0.6241,13.3549,False,False,7.3471,21.1283,0.6113,0.5658,0.212,True
PA004_trial_A_V30-V31,PA004_trial_A,PA004,30,31,0.69,0.2845,MEDIUM,0,336746046,intensity,2.187,8.5092,False,False,1.2961,12.7609,0.032,0.751,4.067,True
PA004_trial_A_V30-V31,PA004_trial_A,PA004,30,31,0.69,0.2845,MEDIUM,0,336746046,anatomy,2.187,13.2014,False,False,7.2868,20.9305,0.6137,0.5654,0.214,False
PA004_trial_A_V30-V31,PA004_trial_A,PA004,30,31,0.69,0.2845,MEDIUM,1,102180113,intensity,4.9888,7.8124,False,False,0.9854,11.7239,0.0286,0.753,4.534,True
PA004_trial_A_V30-V31,PA004_trial_A,PA004,30,31,0.69,0.2845,MEDIUM,1,102180113,anatomy,4.9888,13.1798,False,False,9.5777,21.1446,0.6249,0.5403,0.23,False
PA004_trial_A_V30-V31,PA004_trial_A,PA004,30,31,0.69,0.2845,MEDIUM,2,253112196,intensity,3.321,6.923,False,False,1.2682,10.2459,0.0277,0.7457,4.015,True
PA004_trial_A_V30-V31,PA004_trial_A,PA004,30,31,0.69,0.2845,MEDIUM,2,253112196,anatomy,3.321,13.2812,False,False,8.7756,21.2207,0.6215,0.5593,0.223,False
PA004_trial_A_V30-V31,PA004_trial_A,PA004,30,31,0.69,0.2845,HARD,0,1314166403,intensity,7.2712,10.6548,False,False,5.1783,16.7036,0.0,0.7415,3.102,True
PA004_trial_A_V30-V31,PA004_trial_A,PA004,30,31,0.69,0.2845,HARD,0,1314166403,anatomy,7.2712,14.3398,False,False,9.0253,23.0993,0.6142,0.5442,0.228,False
PA004_trial_A_V30-V31,PA004_trial_A,PA004,30,31,0.69,0.2845,HARD,1,1917134296,intensity,9.3437,6.7639,False,True,2.1576,10.334,0.0151,0.7481,3.679,True
PA004_trial_A_V30-V31,PA004_trial_A,PA004,30,31,0.69,0.2845,HARD,1,1917134296,anatomy,9.3437,13.7124,False,False,10.1632,21.8374,0.6249,0.5264,0.226,False
PA004_trial_A_V30-V31,PA004_trial_A,PA004,30,31,0.69,0.2845,HARD,2,1747220759,intensity,2.8199,10.4453,False,False,6.5016,11.4246,0.0418,0.7334,3.693,True
PA004_trial_A_V30-V31,PA004_trial_A,PA004,30,31,0.69,0.2845,HARD,2,1747220759,anatomy,2.8199,13.2089,False,False,7.2879,20.9418,0.6128,0.5655,0.229,False
PA004_trial_A_V31-V32,PA004_trial_A,PA004,31,32,0.7687,0.0937,EASY,0,2004370266,intensity,0.9707,8.7944,False,False,3.4844,11.9559,0.1678,0.7613,4.504,True
PA004_trial_A_V31-V32,PA004_trial_A,PA004,31,32,0.7687,0.0937,EASY,0,2004370266,anatomy,0.9707,5.3264,False,False,4.0592,6.3067,0.6161,0.6813,0.247,False
PA004_trial_A_V31-V32,PA004_trial_A,PA004,31,32,0.7687,0.0937,EASY,1,313982702,intensity,0.2007,8.314,False,False,3.4071,11.5877,0.1666,0.7612,3.918,True
PA004_trial_A_V31-V32,PA004_trial_A,PA004,31,32,0.7687,0.0937,EASY,1,313982702,anatomy,0.2007,5.3778,False,False,3.9998,6.4854,0.6167,0.6791,0.256,False
PA004_trial_A_V31-V32,PA004_trial_A,PA004,31,32,0.7687,0.0937,EASY,2,486780082,intensity,0.6272,6.8803,False,False,3.2772,10.6349,0.1047,0.7691,4.603,True
PA004_trial_A_V31-V32,PA004_trial_A,PA004,31,32,0.7687,0.0937,EASY,2,486780082,anatomy,0.6272,5.3553,False,False,4.0181,6.4212,0.6173,0.6795,0.261,False
PA004_trial_A_V31-V32,PA004_trial_A,PA004,31,32,0.7687,0.0937,MEDIUM,0,1019614799,intensity,2.7621,7.3229,False,False,2.7796,10.9949,0.1134,0.7692,4.031,True
PA004_trial_A_V31-V32,PA004_trial_A,PA004,31,32,0.7687,0.0937,MEDIUM,0,1019614799,anatomy,2.7621,5.6029,False,False,4.1496,6.7485,0.6202,0.6838,0.262,False
PA004_trial_A_V31-V32,PA004_trial_A,PA004,31,32,0.7687,0.0937,MEDIUM,1,1041789876,intensity,3.0799,5.6976,False,False,4.4997,6.5665,0.3969,0.7043,4.261,True
PA004_trial_A_V31-V32,PA004_trial_A,PA004,31,32,0.7687,0.0937,MEDIUM,1,1041789876,anatomy,3.0799,6.2945,False,False,4.9249,7.6176,0.6271,0.6781,0.236,False
PA004_trial_A_V31-V32,PA004_trial_A,PA004,31,32,0.7687,0.0937,MEDIUM,2,464957886,intensity,2.7942,12.5287,False,False,6.2706,15.0308,0.0908,0.7992,5.028,True
PA004_trial_A_V31-V32,PA004_trial_A,PA004,31,32,0.7687,0.0937,MEDIUM,2,464957886,anatomy,2.7942,5.5362,False,False,4.0957,6.6618,0.6185,0.6832,0.267,False
PA004_trial_A_V31-V32,PA004_trial_A,PA004,31,32,0.7687,0.0937,HARD,0,42241798,intensity,9.0441,12.4456,False,False,6.2823,14.8603,0.0908,0.7987,4.606,True
PA004_trial_A_V31-V32,PA004_trial_A,PA004,31,32,0.7687,0.0937,HARD,0,42241798,anatomy,9.0441,7.1353,False,True,6.009,8.6518,0.6248,0.6461,0.253,False
PA004_trial_A_V31-V32,PA004_trial_A,PA004,31,32,0.7687,0.0937,HARD,1,268768892,intensity,6.1467,12.4575,False,False,6.2445,14.9375,0.0908,0.7991,5.624,True
PA004_trial_A_V31-V32,PA004_trial_A,PA004,31,32,0.7687,0.0937,HARD,1,268768892,anatomy,6.1467,5.408,False,True,4.0722,6.44,0.6196,0.6832,0.259,False
PA004_trial_A_V31-V32,PA004_trial_A,PA004,31,32,0.7687,0.0937,HARD,2,918596082,intensity,7.7888,12.4888,False,False,6.3009,14.9001,0.0908,0.7991,3.92,True
PA004_trial_A_V31-V32,PA004_trial_A,PA004,31,32,0.7687,0.0937,HARD,2,918596082,anatomy,7.7888,5.3495,False,True,4.0112,6.4106,0.6179,0.6797,0.242,False
PA005_trial_A_V8-V9,PA005_trial_A,PA005,8,9,0.7857,0.519,EASY,0,1166894728,intensity,0.7389,5.0886,False,False,5.7865,5.6408,0.5255,0.7924,3.372,True
PA005_trial_A_V8-V9,PA005_trial_A,PA005,8,9,0.7857,0.519,EASY,0,1166894728,anatomy,0.7389,0.961,True,False,0.6828,0.9322,0.6266,0.6112,0.144,True
PA005_trial_A_V8-V9,PA005_trial_A,PA005,8,9,0.7857,0.519,EASY,1,1731384782,intensity,0.6845,8.5053,False,False,8.5658,5.0088,0.2931,0.8007,4.73,True
PA005_trial_A_V8-V9,PA005_trial_A,PA005,8,9,0.7857,0.519,EASY,1,1731384782,anatomy,0.6845,0.9213,True,False,0.6751,0.7737,0.6263,0.6117,0.114,True
PA005_trial_A_V8-V9,PA005_trial_A,PA005,8,9,0.7857,0.519,EASY,2,1641854743,intensity,0.5604,6.7127,False,False,7.1092,5.1596,0.4511,0.794,5.041,True
PA005_trial_A_V8-V9,PA005_trial_A,PA005,8,9,0.7857,0.519,EASY,2,1641854743,anatomy,0.5604,3.0101,True,False,0.4769,4.1205,0.6181,0.6265,0.324,False
PA005_trial_A_V8-V9,PA005_trial_A,PA005,8,9,0.7857,0.519,MEDIUM,0,360550673,intensity,2.6538,8.4624,False,False,8.4196,5.0032,0.3131,0.8009,5.245,True
PA005_trial_A_V8-V9,PA005_trial_A,PA005,8,9,0.7857,0.519,MEDIUM,0,360550673,anatomy,2.6538,6.6419,False,False,0.6914,9.1917,0.6231,0.6406,0.31,False
PA005_trial_A_V8-V9,PA005_trial_A,PA005,8,9,0.7857,0.519,MEDIUM,1,720135418,intensity,3.7187,5.2474,False,False,5.3724,6.3962,0.5155,0.7917,3.669,True
PA005_trial_A_V8-V9,PA005_trial_A,PA005,8,9,0.7857,0.519,MEDIUM,1,720135418,anatomy,3.7187,1.1055,True,True,0.7035,1.2607,0.6209,0.6094,0.319,False
PA005_trial_A_V8-V9,PA005_trial_A,PA005,8,9,0.7857,0.519,MEDIUM,2,917704068,intensity,2.1859,5.0572,False,False,5.4474,6.0781,0.5133,0.791,3.427,True
PA005_trial_A_V8-V9,PA005_trial_A,PA005,8,9,0.7857,0.519,MEDIUM,2,917704068,anatomy,2.1859,1.1015,True,True,0.7039,1.2522,0.6209,0.6095,0.326,False
PA005_trial_A_V8-V9,PA005_trial_A,PA005,8,9,0.7857,0.519,HARD,0,1623034439,intensity,3.5779,8.4752,False,False,8.526,5.0466,0.3246,0.8007,3.215,True
PA005_trial_A_V8-V9,PA005_trial_A,PA005,8,9,0.7857,0.519,HARD,0,1623034439,anatomy,3.5779,0.961,True,True,0.6828,0.9322,0.6266,0.6112,0.156,True
PA005_trial_A_V8-V9,PA005_trial_A,PA005,8,9,0.7857,0.519,HARD,1,2130839054,intensity,6.7525,8.4304,False,False,8.4226,5.0383,0.3396,0.801,4.272,True
PA005_trial_A_V8-V9,PA005_trial_A,PA005,8,9,0.7857,0.519,HARD,1,2130839054,anatomy,6.7525,4.6966,True,True,0.477,6.4668,0.6234,0.6266,0.321,False
PA005_trial_A_V8-V9,PA005_trial_A,PA005,8,9,0.7857,0.519,HARD,2,631489670,intensity,4.2312,8.3982,False,False,8.3978,4.9847,0.3389,0.8009,4.879,True
PA005_trial_A_V8-V9,PA005_trial_A,PA005,8,9,0.7857,0.519,HARD,2,631489670,anatomy,4.2312,7.3322,False,False,0.7066,10.1612,0.6216,0.6392,0.337,False
PA005_trial_A_V9-V10,PA005_trial_A,PA005,9,10,0.9146,0.5155,EASY,0,69294569,intensity,0.5852,4.7859,True,False,3.2007,7.8333,0.2511,0.8054,3.946,True
PA005_trial_A_V9-V10,PA005_trial_A,PA005,9,10,0.9146,0.5155,EASY,0,69294569,anatomy,0.5852,3.4924,True,False,1.4131,4.9307,0.6462,0.7029,0.223,False
PA005_trial_A_V9-V10,PA005_trial_A,PA005,9,10,0.9146,0.5155,EASY,1,1974178282,intensity,0.3987,4.8249,True,False,3.2716,7.8939,0.2676,0.8057,3.664,True
PA005_trial_A_V9-V10,PA005_trial_A,PA005,9,10,0.9146,0.5155,EASY,1,1974178282,anatomy,0.3987,3.8855,True,False,1.9674,5.8588,0.6424,0.696,0.218,False
PA005_trial_A_V9-V10,PA005_trial_A,PA005,9,10,0.9146,0.5155,EASY,2,1158527558,intensity,0.6382,4.8827,True,False,3.2255,7.9941,0.2606,0.8054,3.37,True
PA005_trial_A_V9-V10,PA005_trial_A,PA005,9,10,0.9146,0.5155,EASY,2,1158527558,anatomy,0.6382,3.2841,True,False,1.7003,4.3739,0.6368,0.7004,0.233,False
PA005_trial_A_V9-V10,PA005_trial_A,PA005,9,10,0.9146,0.5155,MEDIUM,0,485723112,intensity,2.9083,4.8096,True,False,3.2679,7.8547,0.3205,0.8056,5.101,True
PA005_trial_A_V9-V10,PA005_trial_A,PA005,9,10,0.9146,0.5155,MEDIUM,0,485723112,anatomy,2.9083,3.7285,True,False,0.865,4.8955,0.6457,0.6814,0.22,False
PA005_trial_A_V9-V10,PA005_trial_A,PA005,9,10,0.9146,0.5155,MEDIUM,1,1304372403,intensity,3.2128,4.7687,True,False,3.1449,7.8116,0.2351,0.8057,4.356,True
PA005_trial_A_V9-V10,PA005_trial_A,PA005,9,10,0.9146,0.5155,MEDIUM,1,1304372403,anatomy,3.2128,5.1585,False,False,1.3139,7.0187,0.6462,0.6929,0.227,False
PA005_trial_A_V9-V10,PA005_trial_A,PA005,9,10,0.9146,0.5155,MEDIUM,2,433990409,intensity,3.2529,4.8456,True,False,3.1763,7.9446,0.2332,0.8062,2.77,True
PA005_trial_A_V9-V10,PA005_trial_A,PA005,9,10,0.9146,0.5155,MEDIUM,2,433990409,anatomy,3.2529,2.8289,True,True,1.911,3.1906,0.6613,0.6838,0.219,False
PA005_trial_A_V9-V10,PA005_trial_A,PA005,9,10,0.9146,0.5155,HARD,0,2101646833,intensity,7.2505,4.7799,True,True,3.2064,7.8316,0.2582,0.806,3.024,True
PA005_trial_A_V9-V10,PA005_trial_A,PA005,9,10,0.9146,0.5155,HARD,0,2101646833,anatomy,7.2505,6.0419,False,True,1.533,7.9754,0.6094,0.6238,0.221,False
PA005_trial_A_V9-V10,PA005_trial_A,PA005,9,10,0.9146,0.5155,HARD,1,677076690,intensity,7.3712,5.4561,False,True,4.6986,7.2951,0.1109,0.7862,5.719,True
PA005_trial_A_V9-V10,PA005_trial_A,PA005,9,10,0.9146,0.5155,HARD,1,677076690,anatomy,7.3712,5.6165,False,True,3.8845,6.5453,0.6009,0.7018,0.251,False
PA005_trial_A_V9-V10,PA005_trial_A,PA005,9,10,0.9146,0.5155,HARD,2,1360830730,intensity,10.4342,4.8129,True,True,3.2981,7.8801,0.2398,0.8058,4.368,True
PA005_trial_A_V9-V10,PA005_trial_A,PA005,9,10,0.9146,0.5155,HARD,2,1360830730,anatomy,10.4342,11.8184,False,False,7.3759,13.6284,0.641,0.6633,0.205,True
PA005_trial_A_V10-V11,PA005_trial_A,PA005,10,11,0.9166,0.2656,EASY,0,1341034834,intensity,0.4925,4.7753,True,False,1.5639,7.6362,0.5306,0.841,3.464,True
PA005_trial_A_V10-V11,PA005_trial_A,PA005,10,11,0.9166,0.2656,EASY,0,1341034834,anatomy,0.4925,3.9264,True,False,3.9102,3.2665,0.6551,0.6255,0.249,False
PA005_trial_A_V10-V11,PA005_trial_A,PA005,10,11,0.9166,0.2656,EASY,1,1908528160,intensity,0.9899,4.7675,True,False,1.5144,7.642,0.5306,0.8404,2.93,True
PA005_trial_A_V10-V11,PA005_trial_A,PA005,10,11,0.9166,0.2656,EASY,1,1908528160,anatomy,0.9899,6.039,False,False,4.2989,6.9254,0.6375,0.6026,0.255,False
PA005_trial_A_V10-V11,PA005_trial_A,PA005,10,11,0.9166,0.2656,EASY,2,1245333461,intensity,0.154,4.7772,True,False,1.5063,7.623,0.5306,0.8411,3.014,True
PA005_trial_A_V10-V11,PA005_trial_A,PA005,10,11,0.9166,0.2656,EASY,2,1245333461,anatomy,0.154,3.9651,True,False,3.8899,3.3708,0.6595,0.6264,0.243,False
PA005_trial_A_V10-V11,PA005_trial_A,PA005,10,11,0.9166,0.2656,MEDIUM,0,454915621,intensity,2.1985,4.7493,True,False,1.5109,7.6152,0.5306,0.8409,2.839,True
PA005_trial_A_V10-V11,PA005_trial_A,PA005,10,11,0.9166,0.2656,MEDIUM,0,454915621,anatomy,2.1985,3.8913,True,False,3.9336,3.1778,0.659,0.6248,0.246,False
PA005_trial_A_V10-V11,PA005_trial_A,PA005,10,11,0.9166,0.2656,MEDIUM,1,232779818,intensity,2.2599,4.7817,True,False,1.5143,7.6498,0.5306,0.841,3.445,True
PA005_trial_A_V10-V11,PA005_trial_A,PA005,10,11,0.9166,0.2656,MEDIUM,1,232779818,anatomy,2.2599,3.715,True,False,3.993,2.4687,0.659,0.6253,0.249,False
PA005_trial_A_V10-V11,PA005_trial_A,PA005,10,11,0.9166,0.2656,MEDIUM,2,1701998129,intensity,4.3501,4.7043,True,False,1.5879,7.5509,0.5306,0.8408,3.166,True
PA005_trial_A_V10-V11,PA005_trial_A,PA005,10,11,0.9166,0.2656,MEDIUM,2,1701998129,anatomy,4.3501,11.3823,False,False,6.6673,13.88,0.6561,0.6657,0.241,False
PA005_trial_A_V10-V11,PA005_trial_A,PA005,10,11,0.9166,0.2656,HARD,0,926163193,intensity,10.3626,4.7494,True,True,1.538,7.6037,0.5306,0.8409,3.839,True
PA005_trial_A_V10-V11,PA005_trial_A,PA005,10,11,0.9166,0.2656,HARD,0,926163193,anatomy,10.3626,3.7252,True,True,3.999,2.497,0.6595,0.6253,0.251,False
PA005_trial_A_V10-V11,PA005_trial_A,PA005,10,11,0.9166,0.2656,HARD,1,1529410900,intensity,8.2174,4.7315,True,True,1.5346,7.5876,0.5306,0.8411,3.169,True
PA005_trial_A_V10-V11,PA005_trial_A,PA005,10,11,0.9166,0.2656,HARD,1,1529410900,anatomy,8.2174,11.3741,False,False,6.6625,13.8692,0.6561,0.6657,0.253,False
PA005_trial_A_V10-V11,PA005_trial_A,PA005,10,11,0.9166,0.2656,HARD,2,132488005,intensity,8.6296,4.7042,True,True,1.5914,7.558,0.5306,0.8409,3.377,True
PA005_trial_A_V10-V11,PA005_trial_A,PA005,10,11,0.9166,0.2656,HARD,2,132488005,anatomy,8.6296,5.0561,False,True,4.8588,5.2308,0.641,0.6057,0.243,False
PA005_trial_A_V11-V12,PA005_trial_A,PA005,11,12,0.7262,0.0281,EASY,0,1202255392,intensity,0.3423,8.88,False,False,5.1476,11.1467,0.2659,0.812,3.896,True
PA005_trial_A_V11-V12,PA005_trial_A,PA005,11,12,0.7262,0.0281,EASY,0,1202255392,anatomy,0.3423,9.9292,False,False,5.2987,12.7201,0.141,0.623,0.224,False
PA005_trial_A_V11-V12,PA005_trial_A,PA005,11,12,0.7262,0.0281,EASY,1,1090598275,intensity,0.318,9.1096,False,False,6.6023,10.4184,0.2365,0.8154,4.194,True
PA005_trial_A_V11-V12,PA005_trial_A,PA005,11,12,0.7262,0.0281,EASY,1,1090598275,anatomy,0.318,5.0039,False,False,3.1303,6.5075,0.1466,0.6174,0.225,False
PA005_trial_A_V11-V12,PA005_trial_A,PA005,11,12,0.7262,0.0281,EASY,2,546926032,intensity,0.4193,8.8154,False,False,5.9057,10.6004,0.2548,0.81,4.526,True
PA005_trial_A_V11-V12,PA005_trial_A,PA005,11,12,0.7262,0.0281,EASY,2,546926032,anatomy,0.4193,10.0646,False,False,5.326,12.9049,0.1417,0.6228,0.136,False
PA005_trial_A_V11-V12,PA005_trial_A,PA005,11,12,0.7262,0.0281,MEDIUM,0,1952091164,intensity,3.2795,12.8212,False,False,11.6018,9.7604,0.1026,0.806,3.845,True
PA005_trial_A_V11-V12,PA005_trial_A,PA005,11,12,0.7262,0.0281,MEDIUM,0,1952091164,anatomy,3.2795,7.2773,False,False,6.5911,6.9542,0.3447,0.6362,0.213,False
PA005_trial_A_V11-V12,PA005_trial_A,PA005,11,12,0.7262,0.0281,MEDIUM,1,1460334049,intensity,4.798,9.2054,False,False,6.7071,10.5673,0.2287,0.815,4.027,True
PA005_trial_A_V11-V12,PA005_trial_A,PA005,11,12,0.7262,0.0281,MEDIUM,1,1460334049,anatomy,4.798,4.4516,True,True,4.6029,2.8807,0.2934,0.6023,0.213,False
PA005_trial_A_V11-V12,PA005_trial_A,PA005,11,12,0.7262,0.0281,MEDIUM,2,1644323512,intensity,3.845,12.8494,False,False,11.6128,9.8592,0.1078,0.8058,4.771,True
PA005_trial_A_V11-V12,PA005_trial_A,PA005,11,12,0.7262,0.0281,MEDIUM,2,1644323512,anatomy,3.845,3.5746,True,True,3.9607,3.5857,0.2095,0.6571,0.18,False
PA005_trial_A_V11-V12,PA005_trial_A,PA005,11,12,0.7262,0.0281,HARD,0,558974903,intensity,6.1791,12.823,False,False,11.6028,9.7352,0.102,0.806,4.434,True
PA005_trial_A_V11-V12,PA005_trial_A,PA005,11,12,0.7262,0.0281,HARD,0,558974903,anatomy,6.1791,9.0532,False,False,5.5011,14.056,0.3121,0.644,0.203,False
PA005_trial_A_V11-V12,PA005_trial_A,PA005,11,12,0.7262,0.0281,HARD,1,655558556,intensity,4.3288,8.5785,False,False,5.4379,10.4141,0.2695,0.8117,5.0,True
PA005_trial_A_V11-V12,PA005_trial_A,PA005,11,12,0.7262,0.0281,HARD,1,655558556,anatomy,4.3288,8.3308,False,False,4.6401,10.3738,0.2298,0.6191,0.194,True
PA005_trial_A_V11-V12,PA005_trial_A,PA005,11,12,0.7262,0.0281,HARD,2,1679150654,intensity,5.7571,9.6339,False,False,7.073,11.0321,0.2206,0.8131,3.885,True
PA005_trial_A_V11-V12,PA005_trial_A,PA005,11,12,0.7262,0.0281,HARD,2,1679150654,anatomy,5.7571,3.8443,True,True,2.1142,4.728,0.1722,0.6334,0.125,False
PA005_trial_A_V28-V29,PA005_trial_A,PA005,28,29,0.7458,0.0,EASY,0,577004513,intensity,0.4726,12.205,False,False,12.6138,14.1582,0.1555,0.7548,3.967,True
PA005_trial_A_V28-V29,PA005_trial_A,PA005,28,29,0.7458,0.0,EASY,0,577004513,anatomy,0.4726,25.6102,False,False,18.663,32.0702,0.4302,0.4107,0.276,False
PA005_trial_A_V28-V29,PA005_trial_A,PA005,28,29,0.7458,0.0,EASY,1,461294247,intensity,0.9786,12.1871,False,False,9.5717,14.6422,0.1496,0.7358,3.92,True
PA005_trial_A_V28-V29,PA005_trial_A,PA005,28,29,0.7458,0.0,EASY,1,461294247,anatomy,0.9786,25.6586,False,False,18.7385,32.1396,0.4302,0.41,0.243,False
PA005_trial_A_V28-V29,PA005_trial_A,PA005,28,29,0.7458,0.0,EASY,2,62431733,intensity,0.8581,12.2698,False,False,12.6844,14.0807,0.1555,0.7554,3.116,True
PA005_trial_A_V28-V29,PA005_trial_A,PA005,28,29,0.7458,0.0,EASY,2,62431733,anatomy,0.8581,25.5913,False,False,18.6137,32.0447,0.4285,0.4112,0.155,False
PA005_trial_A_V28-V29,PA005_trial_A,PA005,28,29,0.7458,0.0,MEDIUM,0,1596961651,intensity,3.9048,12.244,False,False,12.6248,14.2276,0.1555,0.7553,2.086,True
PA005_trial_A_V28-V29,PA005_trial_A,PA005,28,29,0.7458,0.0,MEDIUM,0,1596961651,anatomy,3.9048,25.6103,False,False,18.6549,32.0721,0.4306,0.4106,0.165,False
PA005_trial_A_V28-V29,PA005_trial_A,PA005,28,29,0.7458,0.0,MEDIUM,1,1756546631,intensity,4.4274,12.1606,False,False,12.5797,14.1,0.1861,0.7547,2.593,True
PA005_trial_A_V28-V29,PA005_trial_A,PA005,28,29,0.7458,0.0,MEDIUM,1,1756546631,anatomy,4.4274,14.4071,False,False,12.1265,18.7161,0.4607,0.4031,0.177,False
PA005_trial_A_V28-V29,PA005_trial_A,PA005,28,29,0.7458,0.0,MEDIUM,2,889287245,intensity,2.8698,12.2425,False,False,12.5869,14.1521,0.1555,0.7554,3.272,True
PA005_trial_A_V28-V29,PA005_trial_A,PA005,28,29,0.7458,0.0,MEDIUM,2,889287245,anatomy,2.8698,25.6539,False,False,18.7201,32.1334,0.4306,0.4097,0.163,False
PA005_trial_A_V28-V29,PA005_trial_A,PA005,28,29,0.7458,0.0,HARD,0,500029544,intensity,8.3367,12.2209,False,False,12.6113,14.1942,0.1555,0.7553,3.034,True
PA005_trial_A_V28-V29,PA005_trial_A,PA005,28,29,0.7458,0.0,HARD,0,500029544,anatomy,8.3367,25.6537,False,False,18.6943,32.1321,0.4302,0.4106,0.163,False
PA005_trial_A_V28-V29,PA005_trial_A,PA005,28,29,0.7458,0.0,HARD,1,700923130,intensity,4.663,12.194,False,False,12.6083,14.1781,0.1772,0.7549,2.104,True
PA005_trial_A_V28-V29,PA005_trial_A,PA005,28,29,0.7458,0.0,HARD,1,700923130,anatomy,4.663,13.4044,False,False,13.7674,15.2724,0.4408,0.4415,0.15,False
PA005_trial_A_V28-V29,PA005_trial_A,PA005,28,29,0.7458,0.0,HARD,2,167913194,intensity,2.929,12.6813,False,False,9.0026,14.39,0.1293,0.7287,2.828,True
PA005_trial_A_V28-V29,PA005_trial_A,PA005,28,29,0.7458,0.0,HARD,2,167913194,anatomy,2.929,25.6315,False,False,18.7398,32.0999,0.4302,0.4097,0.159,False
PA005_trial_A_V29-V30,PA005_trial_A,PA005,29,30,0.7712,0.0371,EASY,0,2102380764,intensity,0.7035,12.7661,False,False,5.6457,16.7686,0.0866,0.7745,5.385,True
PA005_trial_A_V29-V30,PA005_trial_A,PA005,29,30,0.7712,0.0371,EASY,0,2102380764,anatomy,0.7035,14.7146,False,False,5.3851,18.3374,0.6683,0.426,0.106,False
PA005_trial_A_V29-V30,PA005_trial_A,PA005,29,30,0.7712,0.0371,EASY,1,96147224,intensity,0.9206,12.7502,False,False,5.593,16.8303,0.0828,0.7743,4.576,True
PA005_trial_A_V29-V30,PA005_trial_A,PA005,29,30,0.7712,0.0371,EASY,1,96147224,anatomy,0.9206,14.7206,False,False,5.3868,18.3508,0.6692,0.4273,0.064,False
PA005_trial_A_V29-V30,PA005_trial_A,PA005,29,30,0.7712,0.0371,EASY,2,581624981,intensity,0.8257,12.7174,False,False,5.61,16.8029,0.0828,0.774,3.308,True
PA005_trial_A_V29-V30,PA005_trial_A,PA005,29,30,0.7712,0.0371,EASY,2,581624981,anatomy,0.8257,14.7115,False,False,5.3757,18.3422,0.6683,0.4268,0.061,False
PA005_trial_A_V29-V30,PA005_trial_A,PA005,29,30,0.7712,0.0371,MEDIUM,0,215473514,intensity,2.7984,12.8442,False,False,5.6418,16.9747,0.0866,0.7741,3.45,True
PA005_trial_A_V29-V30,PA005_trial_A,PA005,29,30,0.7712,0.0371,MEDIUM,0,215473514,anatomy,2.7984,14.7146,False,False,5.3849,18.3375,0.6683,0.426,0.07,True
PA005_trial_A_V29-V30,PA005_trial_A,PA005,29,30,0.7712,0.0371,MEDIUM,1,1739552982,intensity,0.9516,12.8201,False,False,5.6997,16.9035,0.059,0.7739,2.43,True
PA005_trial_A_V29-V30,PA005_trial_A,PA005,29,30,0.7712,0.0371,MEDIUM,1,1739552982,anatomy,0.9516,14.7122,False,False,5.3908,18.3313,0.6692,0.4263,0.064,False
PA005_trial_A_V29-V30,PA005_trial_A,PA005,29,30,0.7712,0.0371,MEDIUM,2,937262972,intensity,1.868,12.9123,False,False,5.6769,17.0629,0.0866,0.7742,2.773,True
PA005_trial_A_V29-V30,PA005_trial_A,PA005,29,30,0.7712,0.0371,MEDIUM,2,937262972,anatomy,1.868,14.7163,False,False,5.3895,18.3384,0.6692,0.4263,0.056,True
PA005_trial_A_V29-V30,PA005_trial_A,PA005,29,30,0.7712,0.0371,HARD,0,1596684815,intensity,9.8173,12.7198,False,False,7.7907,16.4091,0.0,0.7767,2.197,True
PA005_trial_A_V29-V30,PA005_trial_A,PA005,29,30,0.7712,0.0371,HARD,0,1596684815,anatomy,9.8173,14.4229,False,False,5.0792,18.0496,0.6435,0.413,0.03,True
PA005_trial_A_V29-V30,PA005_trial_A,PA005,29,30,0.7712,0.0371,HARD,1,739555010,intensity,8.9454,13.0319,False,False,8.472,16.4782,0.0,0.7763,3.089,True
PA005_trial_A_V29-V30,PA005_trial_A,PA005,29,30,0.7712,0.0371,HARD,1,739555010,anatomy,8.9454,14.4944,False,False,6.3857,17.2854,0.6207,0.4329,0.072,False
PA005_trial_A_V29-V30,PA005_trial_A,PA005,29,30,0.7712,0.0371,HARD,2,459244031,intensity,3.4895,12.7444,False,False,5.6141,16.8493,0.0866,0.7736,2.451,True
PA005_trial_A_V29-V30,PA005_trial_A,PA005,29,30,0.7712,0.0371,HARD,2,459244031,anatomy,3.4895,14.8814,False,False,5.7618,18.386,0.6702,0.4427,0.039,True
PA005_trial_A_V30-V31,PA005_trial_A,PA005,30,31,0.7544,0.0,EASY,0,2106486260,intensity,0.2867,5.3421,False,False,4.5635,4.6786,0.0,0.8667,3.498,True
PA005_trial_A_V30-V31,PA005_trial_A,PA005,30,31,0.7544,0.0,EASY,0,2106486260,anatomy,0.2867,10.8257,False,False,11.2348,15.9443,0.5169,0.3943,0.122,False
PA005_trial_A_V30-V31,PA005_trial_A,PA005,30,31,0.7544,0.0,EASY,1,1296850528,intensity,0.6444,5.407,False,False,4.5189,4.8152,0.0,0.8648,4.007,True
PA005_trial_A_V30-V31,PA005_trial_A,PA005,30,31,0.7544,0.0,EASY,1,1296850528,anatomy,0.6444,10.8718,False,False,11.219,16.0243,0.5127,0.3941,0.064,False
PA005_trial_A_V30-V31,PA005_trial_A,PA005,30,31,0.7544,0.0,EASY,2,1649720744,intensity,0.6102,5.4754,False,False,4.5317,4.986,0.0,0.8671,2.392,True
PA005_trial_A_V30-V31,PA005_trial_A,PA005,30,31,0.7544,0.0,EASY,2,1649720744,anatomy,0.6102,9.9184,False,False,10.8069,14.4324,0.516,0.4027,0.057,False
PA005_trial_A_V30-V31,PA005_trial_A,PA005,30,31,0.7544,0.0,MEDIUM,0,2139522732,intensity,1.919,5.4712,False,False,4.5713,4.8586,0.0,0.8672,3.085,True
PA005_trial_A_V30-V31,PA005_trial_A,PA005,30,31,0.7544,0.0,MEDIUM,0,2139522732,anatomy,1.919,9.8846,False,False,10.9414,14.2363,0.5127,0.4032,0.061,False
PA005_trial_A_V30-V31,PA005_trial_A,PA005,30,31,0.7544,0.0,MEDIUM,1,1899333336,intensity,3.6691,5.4154,False,False,4.5873,4.7772,0.0,0.8665,3.129,True
PA005_trial_A_V30-V31,PA005_trial_A,PA005,30,31,0.7544,0.0,MEDIUM,1,1899333336,anatomy,3.6691,11.4095,False,False,11.0581,16.9469,0.5352,0.3924,0.064,False
PA005_trial_A_V30-V31,PA005_trial_A,PA005,30,31,0.7544,0.0,MEDIUM,2,774656600,intensity,1.1167,5.4397,False,False,4.5574,4.8139,0.0,0.8671,2.656,True
PA005_trial_A_V30-V31,PA005_trial_A,PA005,30,31,0.7544,0.0,MEDIUM,2,774656600,anatomy,1.1167,11.9136,False,False,11.1176,17.7286,0.5411,0.3907,0.067,False
PA005_trial_A_V30-V31,PA005_trial_A,PA005,30,31,0.7544,0.0,HARD,0,753069343,intensity,8.2653,6.0757,False,True,5.2504,8.0548,0.0,0.4689,2.226,True
PA005_trial_A_V30-V31,PA005_trial_A,PA005,30,31,0.7544,0.0,HARD,0,753069343,anatomy,8.2653,20.1597,False,False,18.8349,23.6814,0.2584,0.3433,0.075,False
PA005_trial_A_V30-V31,PA005_trial_A,PA005,30,31,0.7544,0.0,HARD,1,381935622,intensity,8.8971,5.5561,False,True,4.4584,5.1983,0.0,0.865,2.756,True
PA005_trial_A_V30-V31,PA005_trial_A,PA005,30,31,0.7544,0.0,HARD,1,381935622,anatomy,8.8971,31.3416,False,False,13.4478,41.5041,0.4477,0.4033,0.036,True
PA005_trial_A_V30-V31,PA005_trial_A,PA005,30,31,0.7544,0.0,HARD,2,1918681489,intensity,2.5949,9.3951,False,False,8.4756,4.0705,0.0,0.7736,2.553,True
PA005_trial_A_V30-V31,PA005_trial_A,PA005,30,31,0.7544,0.0,HARD,2,1918681489,anatomy,2.5949,12.2149,False,False,11.2857,18.1707,0.5461,0.3907,0.058,False
PA005_trial_A_V31-V32,PA005_trial_A,PA005,31,32,0.7961,0.1197,EASY,0,853104811,intensity,0.2445,8.7898,False,False,7.9926,6.6535,0.0,0.7607,3.525,True
PA005_trial_A_V31-V32,PA005_trial_A,PA005,31,32,0.7961,0.1197,EASY,0,853104811,anatomy,0.2445,10.071,False,False,8.9783,10.9136,0.6268,0.3959,0.081,False
PA005_trial_A_V31-V32,PA005_trial_A,PA005,31,32,0.7961,0.1197,EASY,1,931759393,intensity,0.804,8.8846,False,False,7.8103,6.4089,0.0,0.758,3.2,True
PA005_trial_A_V31-V32,PA005_trial_A,PA005,31,32,0.7961,0.1197,EASY,1,931759393,anatomy,0.804,8.6233,False,False,8.8019,8.003,0.6358,0.4153,0.07,True
PA005_trial_A_V31-V32,PA005_trial_A,PA005,31,32,0.7961,0.1197,EASY,2,1194933354,intensity,0.5153,8.7916,False,False,7.9894,6.6263,0.0,0.7606,4.026,True
PA005_trial_A_V31-V32,PA005_trial_A,PA005,31,32,0.7961,0.1197,EASY,2,1194933354,anatomy,0.5153,10.0128,False,False,8.9378,10.7792,0.6262,0.3954,0.093,False
PA005_trial_A_V31-V32,PA005_trial_A,PA005,31,32,0.7961,0.1197,MEDIUM,0,1330922097,intensity,2.8024,8.8897,False,False,7.8253,6.4482,0.0,0.7579,3.265,True
PA005_trial_A_V31-V32,PA005_trial_A,PA005,31,32,0.7961,0.1197,MEDIUM,0,1330922097,anatomy,2.8024,9.1087,False,False,9.2714,9.3684,0.6347,0.4172,0.08,False
PA005_trial_A_V31-V32,PA005_trial_A,PA005,31,32,0.7961,0.1197,MEDIUM,1,1003079633,intensity,5.6079,8.8711,False,False,7.753,6.5066,0.0,0.7575,2.858,True
PA005_trial_A_V31-V32,PA005_trial_A,PA005,31,32,0.7961,0.1197,MEDIUM,1,1003079633,anatomy,5.6079,12.3095,False,False,9.8524,16.268,0.6029,0.4027,0.096,False
PA005_trial_A_V31-V32,PA005_trial_A,PA005,31,32,0.7961,0.1197,MEDIUM,2,149045550,intensity,2.8199,8.8569,False,False,7.8072,6.3553,0.0,0.7583,2.696,True
PA005_trial_A_V31-V32,PA005_trial_A,PA005,31,32,0.7961,0.1197,MEDIUM,2,149045550,anatomy,2.8199,8.6347,False,False,8.8197,8.0648,0.6307,0.4151,0.084,False
PA005_trial_A_V31-V32,PA005_trial_A,PA005,31,32,0.7961,0.1197,HARD,0,716086972,intensity,5.2711,8.7648,False,False,7.9674,6.6073,0.0,0.7609,2.475,True
PA005_trial_A_V31-V32,PA005_trial_A,PA005,31,32,0.7961,0.1197,HARD,0,716086972,anatomy,5.2711,9.046,False,False,9.2595,9.4214,0.6313,0.4176,0.083,False
PA005_trial_A_V31-V32,PA005_trial_A,PA005,31,32,0.7961,0.1197,HARD,1,788078425,intensity,8.0052,6.2567,False,True,3.4528,8.1006,0.0,0.7671,2.956,True
PA005_trial_A_V31-V32,PA005_trial_A,PA005,31,32,0.7961,0.1197,HARD,1,788078425,anatomy,8.0052,10.7416,False,False,9.5591,11.5066,0.6393,0.3924,0.082,False
PA005_trial_A_V31-V32,PA005_trial_A,PA005,31,32,0.7961,0.1197,HARD,2,1403550167,intensity,4.3866,6.2213,False,False,4.1312,7.6011,0.0,0.7562,2.891,True
PA005_trial_A_V31-V32,PA005_trial_A,PA005,31,32,0.7961,0.1197,HARD,2,1403550167,anatomy,4.3866,8.6221,False,False,8.8035,8.0179,0.6341,0.4151,0.083,False
